timepoint_id,sample_id,beta_param,gamma_param,I_sol,R_sol,S_sol
0,0,0.026760263368487358,0.11966079473495483,1.0,1.1966080036562854e-11,1000.0
1,0,0.0,0.11966079473495483,0.8895960450172424,0.11306457221508026,999.997314453125
2,0,0.0,0.11966079473495483,0.7892686724662781,0.21339203417301178,999.997314453125
3,0,0.0,0.11966079473495483,0.7002560496330261,0.3024047017097473,999.997314453125
4,0,0.0,0.11966079473495483,0.6212831735610962,0.38137754797935486,999.997314453125
0,1,0.02710621803998947,0.14856088161468506,1.0,1.485608858153853e-11,1000.0
1,1,0.0,0.14856088161468506,0.8642847537994385,0.13840675354003906,999.997314453125
2,1,0.0,0.14856088161468506,0.744968056678772,0.25772354006767273,999.997314453125
3,1,0.0,0.14856088161468506,0.642122745513916,0.36056798696517944,999.997314453125
4,1,0.0,0.14856088161468506,0.5534771680831909,0.4492151141166687,999.997314453125
0,2,0.02772081270813942,0.11229521036148071,1.0,1.1229520785471792e-11,1000.0
1,2,0.0,0.11229521036148071,0.8962588906288147,0.10649845004081726,999.998779296875
2,2,0.0,0.11229521036148071,0.8010585904121399,0.20169895887374878,999.9972534179688
3,2,0.0,0.11229521036148071,0.7159704566001892,0.28678709268569946,999.9972534179688
4,2,0.0,0.11229521036148071,0.6399196982383728,0.3628373146057129,999.9988403320312
0,3,0.026671409606933594,0.15441228449344635,1.0,1.5441228157220266e-11,1000.0
1,3,0.0,0.15441228449344635,0.8592044711112976,0.14344251155853271,999.998291015625
2,3,0.0,0.15441228449344635,0.7362682223320007,0.2663787007331848,999.998291015625
3,3,0.0,0.15441228449344635,0.630922257900238,0.37172484397888184,999.998291015625
4,3,0.0,0.15441228449344635,0.5406485199928284,0.4619983732700348,999.998291015625
0,4,0.02729935199022293,0.15458901226520538,1.0,1.5458901519993518e-11,1000.0
1,4,0.0,0.15458901226520538,0.8591069579124451,0.1436028778553009,999.99755859375
2,4,0.0,0.15458901226520538,0.7360565066337585,0.26665544509887695,999.9981689453125
3,4,0.0,0.15458901226520538,0.6306275725364685,0.3720824122428894,999.9973754882812
4,4,0.0,0.15458901226520538,0.5403009653091431,0.4624088704586029,999.9974365234375
0,5,0.026188569143414497,0.16446878015995026,1.0,1.644687858126659e-11,1000.0
1,5,0.0,0.16446878015995026,0.8505666255950928,0.15203161537647247,999.9973754882812
2,5,0.0,0.16446878015995026,0.7215732932090759,0.28102484345436096,999.9977416992188
3,5,0.0,0.16446878015995026,0.6121425032615662,0.3904549479484558,999.9981079101562
4,5,0.0,0.16446878015995026,0.5193070769309998,0.4832911193370819,999.9983520507812
0,6,0.027041438966989517,0.10875149816274643,1.0,1.0875149739075773e-11,1000.0
1,6,0.0,0.10875149816274643,0.899379551410675,0.10331083089113235,999.997314453125
2,6,0.0,0.10875149816274643,0.8067014217376709,0.19598889350891113,999.997314453125
3,6,0.0,0.10875149816274643,0.723573625087738,0.27911677956581116,999.997314453125
4,6,0.0,0.10875149816274643,0.6490116715431213,0.35367876291275024,999.997314453125
0,7,0.027523675933480263,0.1199408620595932,1.0,1.1994086279720761e-11,1000.0
1,7,0.0,0.1199408620595932,0.8894138932228088,0.11332167685031891,999.997314453125
2,7,0.0,0.1199408620595932,0.7888854742050171,0.2138495296239853,999.997314453125
3,7,0.0,0.1199408620595932,0.6997203230857849,0.3030150234699249,999.997314453125
4,7,0.0,0.1199408620595932,0.6206328868865967,0.38210245966911316,999.997314453125
0,8,0.02630152739584446,0.14862923324108124,1.0,1.4862923392033878e-11,1000.0
1,8,0.0,0.14862923324108124,0.8641567230224609,0.13845527172088623,999.997802734375
2,8,0.0,0.14862923324108124,0.7448058724403381,0.2578050196170807,999.9981689453125
3,8,0.0,0.14862923324108124,0.6419401168823242,0.36067134141921997,999.9973754882812
4,8,0.0,0.14862923324108124,0.5532808899879456,0.44933056831359863,999.9973754882812
0,9,0.026197943836450577,0.15078240633010864,1.0,1.507824073931907e-11,1000.0
1,9,0.0,0.15078240633010864,0.8622884750366211,0.1403123438358307,999.9974365234375
2,9,0.0,0.15078240633010864,0.741597592830658,0.26100248098373413,999.9974365234375
3,9,0.0,0.15078240633010864,0.6378002166748047,0.3648006319999695,999.9974365234375
4,9,0.0,0.15078240633010864,0.5485303997993469,0.45407047867774963,999.9974365234375
0,10,0.02758616954088211,0.15166009962558746,1.0,1.5166010808309593e-11,1000.0
1,10,0.0,0.15166009962558746,0.8616516590118408,0.14108720421791077,999.9972534179688
2,10,0.0,0.15166009962558746,0.7404004335403442,0.2623385787010193,999.9976196289062
3,10,0.0,0.15166009962558746,0.6362107396125793,0.3665277361869812,999.9981079101562
4,10,0.0,0.15166009962558746,0.546684741973877,0.45605477690696716,999.9983520507812
0,11,0.02759576588869095,0.15209123492240906,1.0,1.5209123890858045e-11,1000.0
1,11,0.0,0.15209123492240906,0.8612810373306274,0.1414586901664734,999.997314453125
2,11,0.0,0.15209123492240906,0.7397623658180237,0.26297691464424133,999.9976806640625
3,11,0.0,0.15209123492240906,0.6353898048400879,0.3673504590988159,999.9982299804688
4,11,0.0,0.15209123492240906,0.5457417368888855,0.45699697732925415,999.99853515625
0,12,0.0266970656812191,0.11186224967241287,1.0,1.1186223822234886e-11,1000.0
1,12,0.0,0.11186224967241287,0.8965553641319275,0.10610033571720123,999.9973754882812
2,12,0.0,0.11186224967241287,0.8016706109046936,0.2009851187467575,999.9973754882812
3,12,0.0,0.11186224967241287,0.7168277502059937,0.28582796454429626,999.9973754882812
4,12,0.0,0.11186224967241287,0.6409652829170227,0.3616921603679657,999.998291015625
0,13,0.027176508679986,0.13493865728378296,1.0,1.3493865747005174e-11,1000.0
1,13,0.0,0.13493865728378296,0.8761457800865173,0.12655550241470337,999.9982299804688
2,13,0.0,0.13493865728378296,0.7655494213104248,0.23715181648731232,999.998291015625
3,13,0.0,0.13493865728378296,0.6689136624336243,0.3337874412536621,999.9984130859375
4,13,0.0,0.13493865728378296,0.5844765305519104,0.4182247221469879,999.9984130859375
0,14,0.026044873520731926,0.14387457072734833,1.0,1.4387457371312085e-11,1000.0
1,14,0.0,0.14387457072734833,0.8682522177696228,0.13433407247066498,999.9974365234375
2,14,0.0,0.14387457072734833,0.7519035339355469,0.25068309903144836,999.9974365234375
3,14,0.0,0.14387457072734833,0.6511458158493042,0.3514409363269806,999.9974365234375
4,14,0.0,0.14387457072734833,0.5638898015022278,0.43869683146476746,999.9974365234375
0,15,0.027680909261107445,0.1793794333934784,1.0,1.7937942797807693e-11,1000.0
1,15,0.0,0.1793794333934784,0.8381031155586243,0.164641335606575,999.9972534179688
2,15,0.0,0.1793794333934784,0.7004770636558533,0.3022671043872833,999.9977416992188
3,15,0.0,0.1793794333934784,0.585449755191803,0.41729387640953064,999.9989624023438
4,15,0.0,0.1793794333934784,0.48931315541267395,0.513431191444397,999.9972534179688
0,16,0.026557719334959984,0.10626676678657532,1.0,1.0626677489355973e-11,1000.0
1,16,0.0,0.10626676678657532,0.9015739560127258,0.10106907039880753,999.9973754882812
2,16,0.0,0.10626676678657532,0.8106815218925476,0.19196148216724396,999.9973754882812
3,16,0.0,0.10626676678657532,0.7289531826972961,0.2736903727054596,999.9981689453125
4,16,0.0,0.10626676678657532,0.6554621458053589,0.3471797704696655,999.9979248046875
0,17,0.027660569176077843,0.14379286766052246,1.0,1.4379285956378496e-11,1000.0
1,17,0.0,0.14379286766052246,0.8684636950492859,0.13428375124931335,999.9976196289062
2,17,0.0,0.14379286766052246,0.7521476149559021,0.2505995035171509,999.9978637695312
3,17,0.0,0.14379286766052246,0.651410698890686,0.35133734345436096,999.9982299804688
4,17,0.0,0.14379286766052246,0.5641643404960632,0.4385819733142853,999.9984130859375
0,18,0.027115628123283386,0.17732621729373932,1.0,1.7732622661914554e-11,1000.0
1,18,0.0,0.17732621729373932,0.8397782444953918,0.1629103273153305,999.997314453125
2,18,0.0,0.17732621729373932,0.7033193111419678,0.2993690073490143,999.997314453125
3,18,0.0,0.17732621729373932,0.5890348553657532,0.4136536717414856,999.997314453125
4,18,0.0,0.17732621729373932,0.4933205544948578,0.5093680620193481,999.997314453125
0,19,0.026006024330854416,0.13012376427650452,1.0,1.3012376766374789e-11,1000.0
1,19,0.0,0.13012376427650452,0.8802706599235535,0.12231378257274628,999.9974975585938
2,19,0.0,0.13012376427650452,0.7728661894798279,0.22971835732460022,999.9974975585938
3,19,0.0,0.13012376427650452,0.6785656809806824,0.3240181803703308,999.9974975585938
4,19,0.0,0.13012376427650452,0.5957717299461365,0.4068123400211334,999.9974975585938
0,20,0.02791513502597809,0.1740950047969818,1.0,1.7409500924214782e-11,1000.0
1,20,0.0,0.1740950047969818,0.8425618410110474,0.1602049022912979,999.9990844726562
2,20,0.0,0.1740950047969818,0.7079363465309143,0.2948322892189026,999.9974365234375
3,20,0.0,0.1740950047969818,0.5948202013969421,0.40794849395751953,999.9982299804688
4,20,0.0,0.1740950047969818,0.4997773766517639,0.5029910802841187,999.9991455078125
0,21,0.026235615834593773,0.10428553819656372,1.0,1.0428553853802924e-11,1000.0
1,21,0.0,0.10428553819656372,0.9033336043357849,0.09927840530872345,999.9974365234375
2,21,0.0,0.10428553819656372,0.8138735294342041,0.1887374222278595,999.9974365234375
3,21,0.0,0.10428553819656372,0.7332748770713806,0.26933640241622925,999.9974365234375
4,21,0.0,0.10428553819656372,0.6606569290161133,0.34195441007614136,999.9974365234375
0,22,0.027854477986693382,0.1648288071155548,1.0,1.648288103228701e-11,1000.0
1,22,0.0,0.1648288071155548,0.8504029512405396,0.15236178040504456,999.9971923828125
2,22,0.0,0.1648288071155548,0.7211739420890808,0.2815898358821869,999.9971923828125
3,22,0.0,0.1648288071155548,0.6115832924842834,0.39118021726608276,999.9971923828125
4,22,0.0,0.1648288071155548,0.5186468362808228,0.48411718010902405,999.9971923828125
0,23,0.02690688520669937,0.15944407880306244,1.0,1.5944407252832526e-11,1000.0
1,23,0.0,0.15944407880306244,0.8549122214317322,0.14775757491588593,999.9981079101562
2,23,0.0,0.15944407880306244,0.7289134860038757,0.2737567126750946,999.9974365234375
3,23,0.0,0.15944407880306244,0.6214846968650818,0.38118574023246765,999.9976196289062
4,23,0.0,0.15944407880306244,0.5298884510993958,0.47278180718421936,999.9977416992188
0,24,0.027385933324694633,0.14695458114147186,1.0,1.4695458391833505e-11,1000.0
1,24,0.0,0.14695458114147186,0.8656983375549316,0.1370212882757187,999.9981079101562
2,24,0.0,0.14695458114147186,0.74738609790802,0.25533345341682434,999.9972534179688
3,24,0.0,0.14695458114147186,0.6452431082725525,0.35747626423835754,999.9972534179688
4,24,0.0,0.14695458114147186,0.5570598840713501,0.44565966725349426,999.997314453125
0,25,0.02620363049209118,0.1564888060092926,1.0,1.5648879761465118e-11,1000.0
1,25,0.0,0.1564888060092926,0.8573824167251587,0.145218163728714,999.999267578125
2,25,0.0,0.1564888060092926,0.733182966709137,0.26941773295402527,999.999267578125
3,25,0.0,0.1564888060092926,0.6269746422767639,0.3756258487701416,999.999267578125
4,25,0.0,0.1564888060092926,0.5361520648002625,0.46644866466522217,999.999267578125
0,26,0.02772512286901474,0.11897791922092438,1.0,1.1897791779569289e-11,1000.0
1,26,0.0,0.11897791922092438,0.8902876377105713,0.11246742308139801,999.9988403320312
2,26,0.0,0.11897791922092438,0.7904236912727356,0.21233338117599487,999.9972534179688
3,26,0.0,0.11897791922092438,0.7017597556114197,0.300997257232666,999.9972534179688
4,26,0.0,0.11897791922092438,0.6230415105819702,0.3797154426574707,999.9972534179688
0,27,0.027293628081679344,0.137080579996109,1.0,1.3708057258754458e-11,1000.0
1,27,0.0,0.137080579996109,0.8742812871932983,0.12843109667301178,999.9982299804688
2,27,0.0,0.137080579996109,0.7622851133346558,0.24042651057243347,999.9972534179688
3,27,0.0,0.137080579996109,0.6646363735198975,0.33807528018951416,999.9972534179688
4,27,0.0,0.137080579996109,0.5794963836669922,0.42321518063545227,999.9972534179688
0,28,0.0279283057898283,0.150997132062912,1.0,1.5099713146504712e-11,1000.0
1,28,0.0,0.150997132062912,0.8622525334358215,0.14052042365074158,999.997314453125
2,28,0.0,0.150997132062912,0.7414076328277588,0.26136499643325806,999.9978637695312
3,28,0.0,0.150997132062912,0.6374997496604919,0.3652728796005249,999.99853515625
4,28,0.0,0.150997132062912,0.5481551289558411,0.45461905002593994,999.9989013671875
0,29,0.026972217485308647,0.123088538646698,1.0,1.2308854456521967e-11,1000.0
1,29,0.0,0.123088538646698,0.8865718841552734,0.1161106750369072,999.997314453125
2,29,0.0,0.123088538646698,0.7838939428329468,0.21878869831562042,999.997314453125
3,29,0.0,0.123088538646698,0.693107545375824,0.30957505106925964,999.997314453125
4,29,0.0,0.123088538646698,0.6128355264663696,0.389847069978714,999.997314453125
0,30,0.026804767549037933,0.1208861768245697,1.0,1.2088618300820642e-11,1000.0
1,30,0.0,0.1208861768245697,0.8885109424591064,0.11415436118841171,999.997314453125
2,30,0.0,0.1208861768245697,0.787340521812439,0.21532481908798218,999.997314453125
3,30,0.0,0.1208861768245697,0.6976897716522217,0.3049755096435547,999.997314453125
4,30,0.0,0.1208861768245697,0.6182472109794617,0.3844181001186371,999.997314453125
0,31,0.027854755520820618,0.1788390576839447,1.0,1.7883906161531016e-11,1000.0
1,31,0.0,0.1788390576839447,0.8385707139968872,0.1641910821199417,999.9972534179688
2,31,0.0,0.1788390576839447,0.701246440410614,0.3015153110027313,999.9977416992188
3,31,0.0,0.1788390576839447,0.5864102244377136,0.4163511395454407,999.9990234375
4,31,0.0,0.1788390576839447,0.49038049578666687,0.5123812556266785,999.9972534179688
0,32,0.027112603187561035,0.10122659057378769,1.0,1.0122659654943078e-11,1000.0
1,32,0.0,0.10122659057378769,0.9061792492866516,0.09651919454336166,999.997314453125
2,32,0.0,0.10122659057378769,0.8189394474029541,0.18375852704048157,999.997314453125
3,32,0.0,0.10122659057378769,0.7400991916656494,0.2625996768474579,999.997314453125
4,32,0.0,0.10122659057378769,0.6688487529754639,0.3338499963283539,999.997314453125
0,33,0.026094481348991394,0.1410091519355774,1.0,1.4100916614911974e-11,1000.0
1,33,0.0,0.1410091519355774,0.8707478642463684,0.13184361159801483,999.9990234375
2,33,0.0,0.1410091519355774,0.7562308311462402,0.24636371433734894,999.9990234375
3,33,0.0,0.1410091519355774,0.6567705869674683,0.3458213806152344,999.9990234375
4,33,0.0,0.1410091519355774,0.5703929662704468,0.43219897150993347,999.9990234375
0,34,0.026424111798405647,0.13362999260425568,1.0,1.3362999075339221e-11,1000.0
1,34,0.0,0.13362999260425568,0.8772261142730713,0.12539935111999512,999.9974365234375
2,34,0.0,0.13362999260425568,0.767497181892395,0.23512831330299377,999.9974365234375
3,34,0.0,0.13362999260425568,0.6714940667152405,0.33113160729408264,999.9974365234375
4,34,0.0,0.13362999260425568,0.5874994993209839,0.41512635350227356,999.9974365234375
0,35,0.027591528370976448,0.1385461390018463,1.0,1.385461450426062e-11,1000.0
1,35,0.0,0.1385461390018463,0.8730247020721436,0.12971489131450653,999.997802734375
2,35,0.0,0.1385461390018463,0.7600761651992798,0.2426641881465912,999.9981079101562
3,35,0.0,0.1385461390018463,0.6617394089698792,0.34100016951560974,999.9984741210938
4,35,0.0,0.1385461390018463,0.5761250257492065,0.42661377787590027,999.99853515625
0,36,0.026982830837368965,0.11189153790473938,1.0,1.1189153770185811e-11,1000.0
1,36,0.0,0.11189153790473938,0.8965550065040588,0.10612949728965759,999.997314453125
2,36,0.0,0.11189153790473938,0.8016467690467834,0.2010377049446106,999.997314453125
3,36,0.0,0.11189153790473938,0.7167854309082031,0.2858990430831909,999.997314453125
4,36,0.0,0.11189153790473938,0.6409079432487488,0.36177659034729004,999.997314453125
0,37,0.02695438824594021,0.11729013919830322,1.0,1.172901446105934e-11,1000.0
1,37,0.0,0.11729013919830322,0.8917230367660522,0.11095530539751053,999.998291015625
2,37,0.0,0.11729013919830322,0.7930336594581604,0.20964494347572327,999.998291015625
3,37,0.0,0.11729013919830322,0.7052663564682007,0.2974122166633606,999.998291015625
4,37,0.0,0.11729013919830322,0.6272124648094177,0.37546610832214355,999.998291015625
0,38,0.027682654559612274,0.1776399314403534,1.0,1.776399340125412e-11,1000.0
1,38,0.0,0.1776399314403534,0.8395620584487915,0.1631820648908615,999.9977416992188
2,38,0.0,0.1776399314403534,0.7029184103012085,0.29982638359069824,999.9970703125
3,38,0.0,0.1776399314403534,0.5885137319564819,0.414230614900589,999.9974365234375
4,38,0.0,0.1776399314403534,0.4927314817905426,0.510015606880188,999.9979858398438
0,39,0.026725847274065018,0.16335207223892212,1.0,1.6335207492224058e-11,1000.0
1,39,0.0,0.16335207223892212,0.8515625596046448,0.1510891318321228,999.9981079101562
2,39,0.0,0.16335207223892212,0.7232255339622498,0.2794262766838074,999.9974365234375
3,39,0.0,0.16335207223892212,0.614229679107666,0.38842204213142395,999.9976806640625
4,39,0.0,0.16335207223892212,0.5216603875160217,0.4809912145137787,999.997802734375
0,40,0.027570625767111778,0.15523195266723633,1.0,1.5523195576183646e-11,1000.0
1,40,0.0,0.15523195266723633,0.8585780262947083,0.1441587209701538,999.997314453125
2,40,0.0,0.15523195266723633,0.7351288199424744,0.26760801672935486,999.997314453125
3,40,0.0,0.15523195266723633,0.6294293999671936,0.373307466506958,999.997314453125
4,40,0.0,0.15523195266723633,0.5389274954795837,0.46380913257598877,999.997314453125
0,41,0.026787079870700836,0.12664437294006348,1.0,1.2664437207265955e-11,1000.0
1,41,0.0,0.12664437294006348,0.8834081888198853,0.11925492435693741,999.9976806640625
2,41,0.0,0.12664437294006348,0.7783240675926208,0.22433911263942719,999.9977416992188
3,41,0.0,0.12664437294006348,0.6857401132583618,0.3169230818748474,999.9977416992188
4,41,0.0,0.12664437294006348,0.6041691899299622,0.39849400520324707,999.9976806640625
0,42,0.027942387387156487,0.13903796672821045,1.0,1.3903796516889777e-11,1000.0
1,42,0.0,0.13903796672821045,0.8726269006729126,0.1301484853029251,999.998779296875
2,42,0.0,0.13903796672821045,0.7593550682067871,0.2434196174144745,999.9972534179688
3,42,0.0,0.13903796672821045,0.660787045955658,0.3419877290725708,999.997314453125
4,42,0.0,0.13903796672821045,0.5750135183334351,0.42776116728782654,999.997314453125
0,43,0.026604633778333664,0.17593570053577423,1.0,1.7593570697527205e-11,1000.0
1,43,0.0,0.17593570053577423,0.8409038186073303,0.16173416376113892,999.997314453125
2,43,0.0,0.17593570053577423,0.705240786075592,0.2973953187465668,999.997314453125
3,43,0.0,0.17593570053577423,0.5914670825004578,0.41117092967033386,999.997314453125
4,43,0.0,0.17593570053577423,0.4960468113422394,0.506591260433197,999.997314453125
0,44,0.027749687433242798,0.17180630564689636,1.0,1.7180630182411782e-11,1000.0
1,44,0.0,0.17180630564689636,0.8444809317588806,0.15827231109142303,999.9982299804688
2,44,0.0,0.17180630564689636,0.711172342300415,0.2915799617767334,999.9972534179688
3,44,0.0,0.17180630564689636,0.5989086031913757,0.4038441479206085,999.99755859375
4,44,0.0,0.17180630564689636,0.504366397857666,0.4983867108821869,999.998046875
0,45,0.02612268552184105,0.109990693628788,1.0,1.0999069710582177e-11,1000.0
1,45,0.0,0.109990693628788,0.8981836438179016,0.1044154092669487,999.998046875
2,45,0.0,0.109990693628788,0.8046311140060425,0.1979680061340332,999.998046875
3,45,0.0,0.109990693628788,0.7208232879638672,0.2817762494087219,999.998046875
4,45,0.0,0.109990693628788,0.6457427144050598,0.35685569047927856,999.998046875
0,46,0.02628493867814541,0.1405649036169052,1.0,1.4056490346692208e-11,1000.0
1,46,0.0,0.1405649036169052,0.8711517453193665,0.13145914673805237,999.9973754882812
2,46,0.0,0.1405649036169052,0.7569153904914856,0.24569560587406158,999.99755859375
3,46,0.0,0.1405649036169052,0.6576586961746216,0.3449520468711853,999.9976196289062
4,46,0.0,0.1405649036169052,0.5714183449745178,0.4311924874782562,999.9976806640625
0,47,0.026570355519652367,0.10714570432901382,1.0,1.071457072371329e-11,1000.0
1,47,0.0,0.10714570432901382,0.9007827639579773,0.10186111181974411,999.9977416992188
2,47,0.0,0.10714570432901382,0.8092588186264038,0.19338512420654297,999.9979248046875
3,47,0.0,0.10714570432901382,0.7270328402519226,0.27560997009277344,999.997802734375
4,47,0.0,0.10714570432901382,0.653162956237793,0.349480539560318,999.9976196289062
0,48,0.026073412969708443,0.1525385081768036,1.0,1.525385200096263e-11,1000.0
1,48,0.0,0.1525385081768036,0.8607652187347412,0.14182323217391968,999.9974365234375
2,48,0.0,0.1525385081768036,0.7389889359474182,0.26359936594963074,999.9974365234375
3,48,0.0,0.1525385081768036,0.6344409584999084,0.36814722418785095,999.9974365234375
4,48,0.0,0.1525385081768036,0.5446840524673462,0.4579043984413147,999.9974365234375
0,49,0.027673445641994476,0.11808869987726212,1.0,1.1808870721552456e-11,1000.0
1,49,0.0,0.11808869987726212,0.8910759687423706,0.11167484521865845,999.9983520507812
2,49,0.0,0.11808869987726212,0.7918275594711304,0.21092575788497925,999.9985961914062
3,49,0.0,0.11808869987726212,0.7036305665969849,0.29912105202674866,999.9984741210938
4,49,0.0,0.11808869987726212,0.6252577900886536,0.37749433517456055,999.9981079101562
0,50,0.027712354436516762,0.17237135767936707,1.0,1.7237135330194775e-11,1000.0
1,50,0.0,0.17237135767936707,0.8440008759498596,0.1587488204240799,999.9981079101562
2,50,0.0,0.17237135767936707,0.7103675007820129,0.29238247871398926,999.9981079101562
3,50,0.0,0.17237135767936707,0.5978923439979553,0.4048570394515991,999.9985961914062
4,50,0.0,0.17237135767936707,0.5032260417938232,0.4995236396789551,999.9981079101562
0,51,0.02731691487133503,0.1763412058353424,1.0,1.763412159350164e-11,1000.0
1,51,0.0,0.1763412058353424,0.8406214714050293,0.16208578646183014,999.9990844726562
2,51,0.0,0.1763412058353424,0.7047210931777954,0.29798781871795654,999.9974975585938
3,51,0.0,0.1763412058353424,0.5907894968986511,0.4119187593460083,999.998291015625
4,51,0.0,0.1763412058353424,0.4952780306339264,0.5074305534362793,999.9972534179688
0,52,0.026601824909448624,0.16936656832695007,1.0,1.6936656938026928e-11,1000.0
1,52,0.0,0.16936656832695007,0.8464458584785461,0.1561926156282425,999.998291015625
2,52,0.0,0.16936656832695007,0.7145692110061646,0.288069486618042,999.99755859375
3,52,0.0,0.16936656832695007,0.603239119052887,0.399399995803833,999.9978637695312
4,52,0.0,0.16936656832695007,0.5092530250549316,0.4933842420578003,999.9981689453125
0,53,0.027781277894973755,0.1411604881286621,1.0,1.4116049475154657e-11,1000.0
1,53,0.0,0.1411604881286621,0.8707640767097473,0.13199658691883087,999.9981689453125
2,53,0.0,0.1411604881286621,0.7561286687850952,0.24663278460502625,999.9981689453125
3,53,0.0,0.1411604881286621,0.656583845615387,0.34617650508880615,999.9981689453125
4,53,0.0,0.1411604881286621,0.5701448321342468,0.4326157867908478,999.9981689453125
0,54,0.026211250573396683,0.163068026304245,1.0,1.6306803130028413e-11,1000.0
1,54,0.0,0.163068026304245,0.8517606854438782,0.15083982050418854,999.9974365234375
2,54,0.0,0.163068026304245,0.7235990762710571,0.2790014147758484,999.9974365234375
3,54,0.0,0.163068026304245,0.614722490310669,0.3878791332244873,999.9974365234375
4,54,0.0,0.163068026304245,0.5222246050834656,0.4803745746612549,999.9974365234375
0,55,0.02627446874976158,0.10886786878108978,1.0,1.0886786264152626e-11,1000.0
1,55,0.0,0.10886786878108978,0.8992070555686951,0.10340803116559982,999.9981689453125
2,55,0.0,0.10886786878108978,0.8064528703689575,0.19616219401359558,999.9981689453125
3,55,0.0,0.10886786878108978,0.7232681512832642,0.2793489396572113,999.9981689453125
4,55,0.0,0.10886786878108978,0.6486604809761047,0.3539540767669678,999.9981689453125
0,56,0.02779434807598591,0.1326286941766739,1.0,1.3262869968944102e-11,1000.0
1,56,0.0,0.1326286941766739,0.8782253861427307,0.12453678250312805,999.9971923828125
2,56,0.0,0.1326286941766739,0.7691413164138794,0.23362097144126892,999.9971923828125
3,56,0.0,0.1326286941766739,0.6736062169075012,0.329155832529068,999.9971923828125
4,56,0.0,0.1326286941766739,0.5899377465248108,0.4128243029117584,999.9971923828125
0,57,0.026087835431098938,0.12470150738954544,1.0,1.2470150780041767e-11,1000.0
1,57,0.0,0.12470150738954544,0.8850640654563904,0.11752940714359283,999.9973754882812
2,57,0.0,0.12470150738954544,0.7812995910644531,0.22129400074481964,999.9973754882812
3,57,0.0,0.12470150738954544,0.6897002458572388,0.3128933012485504,999.9973754882812
4,57,0.0,0.12470150738954544,0.6088399887084961,0.3937534987926483,999.9973754882812
0,58,0.027619540691375732,0.15379568934440613,1.0,1.5379569145990146e-11,1000.0
1,58,0.0,0.15379568934440613,0.8598169088363647,0.1429256796836853,999.99755859375
2,58,0.0,0.15379568934440613,0.7372470498085022,0.26549479365348816,999.9970703125
3,58,0.0,0.15379568934440613,0.6321503520011902,0.3705914616584778,999.9971313476562
4,58,0.0,0.15379568934440613,0.5420357584953308,0.4607061445713043,999.9970703125
0,59,0.026440924033522606,0.16896668076515198,1.0,1.6896669827182187e-11,1000.0
1,59,0.0,0.16896668076515198,0.8467705249786377,0.15585175156593323,999.9998168945312
2,59,0.0,0.16896668076515198,0.7151284217834473,0.28749310970306396,999.9983520507812
3,59,0.0,0.16896668076515198,0.6039524078369141,0.39866888523101807,999.998779296875
4,59,0.0,0.16896668076515198,0.5100603699684143,0.49256110191345215,999.9993896484375
0,60,0.02647758275270462,0.12585505843162537,1.0,1.2585505554385534e-11,1000.0
1,60,0.0,0.12585505843162537,0.8840780854225159,0.11855397373437881,999.9973754882812
2,60,0.0,0.12585505843162537,0.779529333114624,0.22310273349285126,999.9973754882812
3,60,0.0,0.12585505843162537,0.6873442530632019,0.3152877986431122,999.9973754882812
4,60,0.0,0.12585505843162537,0.6060606837272644,0.3965713083744049,999.9973754882812
0,61,0.026026593521237373,0.12276872992515564,1.0,1.2276873961880597e-11,1000.0
1,61,0.0,0.12276872992515564,0.8867709636688232,0.11581659317016602,999.9979858398438
2,61,0.0,0.12276872992515564,0.7843210101127625,0.21826699376106262,999.9981079101562
3,61,0.0,0.12276872992515564,0.6937069892883301,0.30888140201568604,999.9981079101562
4,61,0.0,0.12276872992515564,0.6135605573654175,0.38902631402015686,999.9979858398438
0,62,0.02713778428733349,0.11559469252824783,1.0,1.155946952741127e-11,1000.0
1,62,0.0,0.11559469252824783,0.893254280090332,0.10944443941116333,999.997314453125
2,62,0.0,0.11559469252824783,0.7957430481910706,0.2069554328918457,999.997314453125
3,62,0.0,0.11559469252824783,0.70887690782547,0.2938217520713806,999.997314453125
4,62,0.0,0.11559469252824783,0.6314931511878967,0.37120553851127625,999.997314453125
0,63,0.02742168866097927,0.1018512025475502,1.0,1.0185120108419099e-11,1000.0
1,63,0.0,0.1018512025475502,0.9056415557861328,0.0970878079533577,999.997314453125
2,63,0.0,0.1018512025475502,0.8179427981376648,0.18478655815124512,999.997314453125
3,63,0.0,0.1018512025475502,0.7387363910675049,0.26399290561676025,999.997314453125
4,63,0.0,0.1018512025475502,0.6671987175941467,0.3355292081832886,999.997314453125
0,64,0.02618737705051899,0.12701211869716644,1.0,1.2701212477594925e-11,1000.0
1,64,0.0,0.12701211869716644,0.8830313682556152,0.11957291513681412,999.9974365234375
2,64,0.0,0.12701211869716644,0.7777053117752075,0.2248983383178711,999.9974365234375
3,64,0.0,0.12701211869716644,0.6849424242973328,0.31766071915626526,999.9974365234375
4,64,0.0,0.12701211869716644,0.6032440066337585,0.3993583619594574,999.9974365234375
0,65,0.026758015155792236,0.1072661355137825,1.0,1.072661404144526e-11,1000.0
1,65,0.0,0.1072661355137825,0.900691032409668,0.10197139531373978,999.9974975585938
2,65,0.0,0.1072661355137825,0.8090786337852478,0.19358374178409576,999.9974975585938
3,65,0.0,0.1072661355137825,0.7267844676971436,0.2758779227733612,999.9974365234375
4,65,0.0,0.1072661355137825,0.6528607606887817,0.3498016595840454,999.9973754882812
0,66,0.02781662344932556,0.12662583589553833,1.0,1.2662584522593612e-11,1000.0
1,66,0.0,0.12662583589553833,0.8835150599479675,0.11925015598535538,999.9972534179688
2,66,0.0,0.12662583589553833,0.7784326672554016,0.2243325412273407,999.9972534179688
3,66,0.0,0.12662583589553833,0.6858484148979187,0.316916823387146,999.9972534179688
4,66,0.0,0.12662583589553833,0.6042758822441101,0.3984893560409546,999.9972534179688
0,67,0.026787808164954185,0.12562313675880432,1.0,1.2562313168873462e-11,1000.0
1,67,0.0,0.12562313675880432,0.8843098282814026,0.11835234612226486,999.998046875
2,67,0.0,0.12562313675880432,0.7799146175384521,0.22274768352508545,999.998046875
3,67,0.0,0.12562313675880432,0.6878435015678406,0.3148188591003418,999.998046875
4,67,0.0,0.12562313675880432,0.6066415905952454,0.39602068066596985,999.998046875
0,68,0.026930782943964005,0.16551387310028076,1.0,1.655138699707681e-11,1000.0
1,68,0.0,0.16551387310028076,0.8497404456138611,0.15293057262897491,999.997314453125
2,68,0.0,0.16551387310028076,0.7201191186904907,0.28255167603492737,999.997314453125
3,68,0.0,0.16551387310028076,0.6102710366249084,0.39240002632141113,999.997314453125
4,68,0.0,0.16551387310028076,0.5171791315078735,0.48549193143844604,999.997314453125
0,69,0.02693401277065277,0.15988689661026,1.0,1.5988689539003786e-11,1000.0
1,69,0.0,0.15988689661026,0.8545362949371338,0.14813652634620667,999.9974365234375
2,69,0.0,0.15988689661026,0.7282697558403015,0.2744026184082031,999.9974365234375
3,69,0.0,0.15988689661026,0.6206605434417725,0.3820117115974426,999.9974365234375
4,69,0.0,0.15988689661026,0.5289535522460938,0.47372105717658997,999.9974365234375
0,70,0.027573201805353165,0.1780143529176712,1.0,1.7801435672759602e-11,1000.0
1,70,0.0,0.1780143529176712,0.8392387628555298,0.1634947657585144,999.9982299804688
2,70,0.0,0.1780143529176712,0.7023845314979553,0.3003493845462799,999.997314453125
3,70,0.0,0.1780143529176712,0.5878474116325378,0.4148866832256317,999.9976806640625
4,70,0.0,0.1780143529176712,0.49198707938194275,0.510746419429779,999.9983520507812
0,71,0.02794828824698925,0.15946397185325623,1.0,1.5946396980659472e-11,1000.0
1,71,0.0,0.15946397185325623,0.8549844026565552,0.14778928458690643,999.997802734375
2,71,0.0,0.15946397185325623,0.7289604544639587,0.273813396692276,999.9985961914062
3,71,0.0,0.15946397185325623,0.6215121150016785,0.3812616765499115,999.9972534179688
4,71,0.0,0.15946397185325623,0.5299015045166016,0.4728721082210541,999.9972534179688
0,72,0.02694445289671421,0.1539931744337082,1.0,1.5399317238040666e-11,1000.0
1,72,0.0,0.1539931744337082,0.8595887422561646,0.14308612048625946,999.997314453125
2,72,0.0,0.1539931744337082,0.7369063496589661,0.26576849818229675,999.997314453125
3,72,0.0,0.1539931744337082,0.631733238697052,0.37094131112098694,999.997314453125
4,72,0.0,0.1539931744337082,0.5415714383125305,0.461103618144989,999.997314453125
0,73,0.026491068303585052,0.13724587857723236,1.0,1.3724588306118779e-11,1000.0
1,73,0.0,0.13724587857723236,0.8740659952163696,0.12856589257717133,999.997314453125
2,73,0.0,0.13724587857723236,0.7619721293449402,0.24065975844860077,999.997314453125
3,73,0.0,0.13724587857723236,0.6642538905143738,0.3383781909942627,999.997314453125
4,73,0.0,0.13724587857723236,0.5790668725967407,0.42356500029563904,999.997314453125
0,74,0.026985449716448784,0.17680291831493378,1.0,1.7680292993538238e-11,1000.0
1,74,0.0,0.17680291831493378,0.8402068018913269,0.1624688059091568,999.997314453125
2,74,0.0,0.17680291831493378,0.7040470242500305,0.29862862825393677,999.997314453125
3,74,0.0,0.17680291831493378,0.5899522304534912,0.4127233922481537,999.997314453125
4,74,0.0,0.17680291831493378,0.49434784054756165,0.508327841758728,999.997314453125
0,75,0.026281097903847694,0.17247016727924347,1.0,1.724701631511394e-11,1000.0
1,75,0.0,0.17247016727924347,0.8437935709953308,0.15881036221981049,999.9989624023438
2,75,0.0,0.17247016727924347,0.7101234793663025,0.292481392621994,999.9982299804688
3,75,0.0,0.17247016727924347,0.597628116607666,0.40497684478759766,999.9984130859375
4,75,0.0,0.17247016727924347,0.5029540061950684,0.49965086579322815,999.998779296875
0,76,0.02609339728951454,0.1313137412071228,1.0,1.3131374460018108e-11,1000.0
1,76,0.0,0.1313137412071228,0.8792311549186707,0.1233615055680275,999.9974365234375
2,76,0.0,0.1313137412071228,0.7710347771644592,0.2315574586391449,999.9974365234375
3,76,0.0,0.1313137412071228,0.6761532425880432,0.32643917202949524,999.9974365234375
4,76,0.0,0.1313137412071228,0.5929489135742188,0.4096452593803406,999.9974365234375
0,77,0.02614518441259861,0.11718639731407166,1.0,1.171863994731126e-11,1000.0
1,77,0.0,0.11718639731407166,0.89174485206604,0.1108546033501625,999.9971923828125
2,77,0.0,0.11718639731407166,0.7931349277496338,0.2094642072916031,999.9971923828125
3,77,0.0,0.11718639731407166,0.7054295539855957,0.29716941714286804,999.9971923828125
4,77,0.0,0.11718639731407166,0.627423107624054,0.3751766085624695,999.9971923828125
0,78,0.026650935411453247,0.11434832215309143,1.0,1.1434833115109289e-11,1000.0
1,78,0.0,0.11434832215309143,0.8943250775337219,0.10832566022872925,999.9974365234375
2,78,0.0,0.11434832215309143,0.797690749168396,0.2049599438905716,999.9974365234375
3,78,0.0,0.11434832215309143,0.7114980816841125,0.2911526560783386,999.9974365234375
4,78,0.0,0.11434832215309143,0.6346185207366943,0.36803218722343445,999.9974365234375
0,79,0.0274849534034729,0.15486520528793335,1.0,1.5486520052454544e-11,1000.0
1,79,0.0,0.15486520528793335,0.8588855862617493,0.1438426524400711,999.9972534179688
2,79,0.0,0.15486520528793335,0.7356618046760559,0.26706644892692566,999.9974365234375
3,79,0.0,0.15486520528793335,0.6301164627075195,0.3726111650466919,999.9977416992188
4,79,0.0,0.15486520528793335,0.5397140979766846,0.4630139470100403,999.998046875
0,80,0.026268823072314262,0.11895141005516052,1.0,1.1895141122097996e-11,1000.0
1,80,0.0,0.11895141005516052,0.8901839256286621,0.11242815107107162,999.9981689453125
2,80,0.0,0.11895141005516052,0.7903506755828857,0.21226145327091217,999.9973754882812
3,80,0.0,0.11895141005516052,0.7017136216163635,0.30089855194091797,999.9973754882812
4,80,0.0,0.11895141005516052,0.6230165362358093,0.37959471344947815,999.998291015625
0,81,0.027640951797366142,0.14576426148414612,1.0,1.4576426871082404e-11,1000.0
1,81,0.0,0.14576426148414612,0.8667516112327576,0.13599355518817902,999.9981079101562
2,81,0.0,0.14576426148414612,0.7491868138313293,0.25355854630470276,999.9972534179688
3,81,0.0,0.14576426148414612,0.6475681662559509,0.3551771640777588,999.9972534179688
4,81,0.0,0.14576426148414612,0.5597330331802368,0.44301238656044006,999.997314453125
0,82,0.02749009244143963,0.16548976302146912,1.0,1.6548975731445204e-11,1000.0
1,82,0.0,0.16548976302146912,0.8498094081878662,0.15291830897331238,999.9972534179688
2,82,0.0,0.16548976302146912,0.7201951742172241,0.2825324237346649,999.99755859375
3,82,0.0,0.16548976302146912,0.6103507876396179,0.3923778831958771,999.998291015625
4,82,0.0,0.16548976302146912,0.5172592997550964,0.4854688346385956,999.9990234375
0,83,0.02789679542183876,0.140271857380867,1.0,1.4027185663012531e-11,1000.0
1,83,0.0,0.140271857380867,0.8715487718582153,0.13122402131557465,999.9981689453125
2,83,0.0,0.140271857380867,0.7574819922447205,0.24529054760932922,999.9981689453125
3,83,0.0,0.140271857380867,0.6583442687988281,0.34442833065986633,999.9981689453125
4,83,0.0,0.140271857380867,0.5721812844276428,0.4305911958217621,999.9981689453125
0,84,0.026356322690844536,0.14901819825172424,1.0,1.4901821096535706e-11,1000.0
1,84,0.0,0.14901819825172424,0.8638246059417725,0.13879205286502838,999.9981079101562
2,84,0.0,0.14901819825172424,0.7442312240600586,0.25838562846183777,999.9974365234375
3,84,0.0,0.14901819825172424,0.6411948204040527,0.3614219129085541,999.9974975585938
4,84,0.0,0.14901819825172424,0.5524237751960754,0.4501931369304657,999.99755859375
0,85,0.026174290105700493,0.10988963395357132,1.0,1.0988962344249398e-11,1000.0
1,85,0.0,0.10988963395357132,0.8982786536216736,0.10432510823011398,999.9988403320312
2,85,0.0,0.10988963395357132,0.8047972917556763,0.19780632853507996,999.9986572265625
3,85,0.0,0.10988963395357132,0.721044659614563,0.2815590500831604,999.99853515625
4,85,0.0,0.10988963395357132,0.6460077166557312,0.35659611225128174,999.9983520507812
0,86,0.02600632794201374,0.1791570484638214,1.0,1.791570364284567e-11,1000.0
1,86,0.0,0.1791570484638214,0.8381487131118774,0.16442908346652985,999.9979858398438
2,86,0.0,0.1791570484638214,0.7006715536117554,0.30190667510032654,999.9974365234375
3,86,0.0,0.1791570484638214,0.5857434868812561,0.4168345630168915,999.9977416992188
4,86,0.0,0.1791570484638214,0.48966699838638306,0.5129115581512451,999.9981079101562
0,87,0.027422016486525536,0.13698731362819672,1.0,1.3698732252709345e-11,1000.0
1,87,0.0,0.13698731362819672,0.8743724226951599,0.12835107743740082,999.9972534179688
2,87,0.0,0.13698731362819672,0.7624363303184509,0.2402871549129486,999.9974365234375
3,87,0.0,0.13698731362819672,0.6648302674293518,0.3378933370113373,999.9976196289062
4,87,0.0,0.13698731362819672,0.5797196626663208,0.4230039715766907,999.9976196289062
0,88,0.02657347358763218,0.11776227504014969,1.0,1.1776227562543262e-11,1000.0
1,88,0.0,0.11776227504014969,0.8912702202796936,0.11137236654758453,999.997314453125
2,88,0.0,0.11776227504014969,0.7922567129135132,0.21038596332073212,999.997314453125
3,88,0.0,0.11776227504014969,0.7042427062988281,0.29839983582496643,999.997314453125
4,88,0.0,0.11776227504014969,0.6260066032409668,0.3766360580921173,999.997314453125
0,89,0.026962028816342354,0.13879390060901642,1.0,1.3879389824944521e-11,1000.0
1,89,0.0,0.13879390060901642,0.8727568984031677,0.12992341816425323,999.997314453125
2,89,0.0,0.13879390060901642,0.7596523761749268,0.24302607774734497,999.997314453125
3,89,0.0,0.13879390060901642,0.6612069606781006,0.341471403837204,999.997314453125
4,89,0.0,0.13879390060901642,0.5755195021629333,0.4271589517593384,999.997314453125
0,90,0.026074713096022606,0.16246415674686432,1.0,1.6246415671106185e-11,1000.0
1,90,0.0,0.16246415674686432,0.8522637486457825,0.15032349526882172,999.9974365234375
2,90,0.0,0.16246415674686432,0.7244638800621033,0.2781233489513397,999.9974365234375
3,90,0.0,0.16246415674686432,0.6158271431922913,0.3867591619491577,999.9974365234375
4,90,0.0,0.16246415674686432,0.5234816074371338,0.4791049361228943,999.9974365234375
0,91,0.026376865804195404,0.16658493876457214,1.0,1.6658494028654047e-11,1000.0
1,91,0.0,0.16658493876457214,0.8487845063209534,0.1538321077823639,999.9973754882812
2,91,0.0,0.16658493876457214,0.7185393571853638,0.28407737612724304,999.99755859375
3,91,0.0,0.16658493876457214,0.6082800030708313,0.39433640241622925,999.9978637695312
4,91,0.0,0.16658493876457214,0.51493901014328,0.48767662048339844,999.9981079101562
0,92,0.027306290343403816,0.1623273491859436,1.0,1.623273564177463e-11,1000.0
1,92,0.0,0.1623273491859436,0.8524845242500305,0.15022453665733337,999.9984130859375
2,92,0.0,0.1623273491859436,0.7247512936592102,0.27795833349227905,999.997314453125
3,92,0.0,0.1623273491859436,0.616156280040741,0.386553019285202,999.9974975585938
4,92,0.0,0.1623273491859436,0.5238337516784668,0.47887614369392395,999.997802734375
0,93,0.026423228904604912,0.10611679404973984,1.0,1.0611679937544416e-11,1000.0
1,93,0.0,0.10611679404973984,0.901696503162384,0.1009325161576271,999.99755859375
2,93,0.0,0.10611679404973984,0.8109133839607239,0.19171568751335144,999.9974365234375
3,93,0.0,0.10611679404973984,0.7292703986167908,0.2733587622642517,999.9973754882812
4,93,0.0,0.10611679404973984,0.6558488011360168,0.3467819392681122,999.9982299804688
0,94,0.027283750474452972,0.1613624095916748,1.0,1.6136241648423422e-11,1000.0
1,94,0.0,0.1613624095916748,0.8533061146736145,0.14940118789672852,999.9972534179688
2,94,0.0,0.1613624095916748,0.7261499166488647,0.2765578627586365,999.9977416992188
3,94,0.0,0.1613624095916748,0.6179416179656982,0.38476550579071045,999.99853515625
4,94,0.0,0.1613624095916748,0.5258580446243286,0.47684937715530396,999.9972534179688
0,95,0.027377448976039886,0.10451147705316544,1.0,1.0451147759715784e-11,1000.0
1,95,0.0,0.10451147705316544,0.9032310843467712,0.09949298948049545,999.997314453125
2,95,0.0,0.10451147705316544,0.8135982155799866,0.18912558257579803,999.997314453125
3,95,0.0,0.10451147705316544,0.7328603267669678,0.26986342668533325,999.997314453125
4,95,0.0,0.10451147705316544,0.6601346135139465,0.34258925914764404,999.997314453125
0,96,0.026762165129184723,0.10878089815378189,1.0,1.0878090095367554e-11,1000.0
1,96,0.0,0.10878089815378189,0.8993279337882996,0.10333453118801117,999.9976196289062
2,96,0.0,0.10878089815378189,0.8066316843032837,0.19603107869625092,999.9974975585938
3,96,0.0,0.10878089815378189,0.7234894633293152,0.2791730761528015,999.9974365234375
4,96,0.0,0.10878089815378189,0.6489172577857971,0.35374534130096436,999.9973754882812
0,97,0.026097210124135017,0.12770389020442963,1.0,1.277038891300819e-11,1000.0
1,97,0.0,0.12770389020442963,0.8824127316474915,0.12018252164125443,999.9974365234375
2,97,0.0,0.12770389020442963,0.7766239047050476,0.22597140073776245,999.9974365234375
3,97,0.0,0.12770389020442963,0.6835178136825562,0.31907784938812256,999.9974365234375
4,97,0.0,0.12770389020442963,0.6015732884407043,0.40102192759513855,999.9974365234375
0,98,0.02722889371216297,0.1394941657781601,1.0,1.3949416274861015e-11,1000.0
1,98,0.0,0.1394941657781601,0.8721674084663391,0.13053764402866364,999.99755859375
2,98,0.0,0.1394941657781601,0.7586095333099365,0.24409547448158264,999.99755859375
3,98,0.0,0.1394941657781601,0.6598372459411621,0.34286782145500183,999.99755859375
4,98,0.0,0.1394941657781601,0.5739251375198364,0.42877987027168274,999.99755859375
0,99,0.026850907132029533,0.15078960359096527,1.0,1.50789606495616e-11,1000.0
1,99,0.0,0.15078960359096527,0.8623411059379578,0.14032721519470215,999.997314453125
2,99,0.0,0.15078960359096527,0.741635799407959,0.2610298693180084,999.997314453125
3,99,0.0,0.15078960359096527,0.6378278732299805,0.36483776569366455,999.997314453125
4,99,0.0,0.15078960359096527,0.548550546169281,0.45411527156829834,999.997314453125
