timepoint_id,sample_id,beta_param,gamma_param,Infected_sol,Recovered_sol,Susceptible_sol
0,0,0.029135145246982574,0.1487361043691635,1.0,1.487361102336937e-11,1000.0
1,0,0.029135145246982574,0.1487361043691635,0.8872490525245667,0.14018383622169495,999.9732666015625
2,0,0.029135145246982574,0.1487361043691635,0.7872087955474854,0.26456165313720703,999.9482421875
3,0,0.029135145246982574,0.1487361043691635,0.698448896408081,0.3749157786369324,999.9254150390625
4,0,0.029135145246982574,0.1487361043691635,0.6196954250335693,0.47282612323760986,999.907958984375
0,1,0.027310166507959366,0.14981701970100403,1.0,1.4981701643157486e-11,1000.0
1,1,0.027310166507959366,0.14981701970100403,0.8846753835678101,0.1410018503665924,999.974365234375
2,1,0.027310166507959366,0.14981701970100403,0.7826499938964844,0.2657427191734314,999.95166015625
3,1,0.027310166507959366,0.14981701970100403,0.6923903226852417,0.376097708940506,999.9315185546875
4,1,0.027310166507959366,0.14981701970100403,0.6125396490097046,0.47372594475746155,999.9137573242188
0,2,0.028012514114379883,0.12749776244163513,1.0,1.2749776061304896e-11,1000.0
1,2,0.028012514114379883,0.12749776244163513,0.905277669429779,0.1213592067360878,999.9734497070312
2,2,0.028012514114379883,0.12749776244163513,0.8195270895957947,0.23122291266918182,999.94921875
3,2,0.028012514114379883,0.12749776244163513,0.7418978214263916,0.33068013191223145,999.9279174804688
4,2,0.028012514114379883,0.12749776244163513,0.6716228723526001,0.42071643471717834,999.9075317382812
0,3,0.025732841342687607,0.14540345966815948,1.0,1.4540346357505562e-11,1000.0
1,3,0.025732841342687607,0.14540345966815948,0.8871894478797913,0.13703836500644684,999.9757080078125
2,3,0.025732841342687607,0.14540345966815948,0.787104606628418,0.2586173415184021,999.9542236328125
3,3,0.025732841342687607,0.14540345966815948,0.698310375213623,0.36648085713386536,999.9351196289062
4,3,0.025732841342687607,0.14540345966815948,0.6195326447486877,0.46217605471611023,999.918212890625
0,4,0.025891315191984177,0.1349768042564392,1.0,1.3497681271290585e-11,1000.0
1,4,0.025891315191984177,0.1349768042564392,0.8966296315193176,0.12787370383739471,999.9751586914062
2,4,0.025891315191984177,0.1349768042564392,0.8039451837539673,0.2425289899110794,999.952880859375
3,4,0.025891315191984177,0.1349768042564392,0.7208408713340759,0.34533247351646423,999.9342041015625
4,4,0.025891315191984177,0.1349768042564392,0.6463267207145691,0.43750929832458496,999.9161376953125
0,5,0.02821929007768631,0.13151612877845764,1.0,1.3151614346174068e-11,1000.0
1,5,0.02821929007768631,0.13151612877845764,0.9018322825431824,0.12494978308677673,999.9732055664062
2,5,0.02821929007768631,0.13151612877845764,0.813302218914032,0.2376338392496109,999.9501953125
3,5,0.02821929007768631,0.13151612877845764,0.7334632873535156,0.3392556607723236,999.927001953125
4,5,0.02821929007768631,0.13151612877845764,0.6614598631858826,0.4309012293815613,999.907470703125
0,6,0.028672488406300545,0.14939306676387787,1.0,1.493930673612809e-11,1000.0
1,6,0.028672488406300545,0.14939306676387787,0.8862559795379639,0.14072588086128235,999.9727172851562
2,6,0.028672488406300545,0.14939306676387787,0.7854486107826233,0.26544493436813354,999.9487915039062
3,6,0.028672488406300545,0.14939306676387787,0.6961072087287903,0.37597760558128357,999.927734375
4,6,0.028672488406300545,0.14939306676387787,0.6169278621673584,0.4739381968975067,999.9091186523438
0,7,0.029336879029870033,0.14139799773693085,1.0,1.4139798706902518e-11,1000.0
1,7,0.029336879029870033,0.14139799773693085,0.8939630389213562,0.1337612420320511,999.9722900390625
2,7,0.029336879029870033,0.14139799773693085,0.7991693615913391,0.25333890318870544,999.947509765625
3,7,0.029336879029870033,0.14139799773693085,0.7144266963005066,0.3602367341518402,999.92529296875
4,7,0.029336879029870033,0.14139799773693085,0.6386697888374329,0.45579925179481506,999.905517578125
0,8,0.02573305368423462,0.15228217840194702,1.0,1.5228217992158122e-11,1000.0
1,8,0.02573305368423462,0.15228217840194702,0.8811087608337402,0.14303867518901825,999.977783203125
2,8,0.02573305368423462,0.15228217840194702,0.7763507962226868,0.26907122135162354,999.9545288085938
3,8,0.02573305368423462,0.15228217840194702,0.684048056602478,0.3801193833351135,999.935791015625
4,8,0.02573305368423462,0.15228217840194702,0.6027191877365112,0.4779646694660187,999.9193115234375
0,9,0.029249589890241623,0.14371979236602783,1.0,1.437198016845942e-11,1000.0
1,9,0.029249589890241623,0.14371979236602783,0.8918120861053467,0.13579711318016052,999.972412109375
2,9,0.029249589890241623,0.14371979236602783,0.7953282594680786,0.2569025754928589,999.94775390625
3,9,0.029249589890241623,0.14371979236602783,0.7092822194099426,0.36490577459335327,999.9258422851562
4,9,0.029249589890241623,0.14371979236602783,0.6325451135635376,0.46122410893440247,999.90625
0,10,0.02453664317727089,0.15202155709266663,1.0,1.5202155506655046e-11,1000.0
1,10,0.02453664317727089,0.15202155709266663,0.8802847266197205,0.14272859692573547,999.9769897460938
2,10,0.02453664317727089,0.15202155709266663,0.774901270866394,0.2683703303337097,999.9564819335938
3,10,0.02453664317727089,0.15202155709266663,0.6821333169937134,0.378970742225647,999.9387817382812
4,10,0.02453664317727089,0.15202155709266663,0.6004704236984253,0.4763307571411133,999.9232177734375
0,11,0.025046152994036674,0.14704743027687073,1.0,1.4704742631876933e-11,1000.0
1,11,0.025046152994036674,0.14704743027687073,0.8851250410079956,0.1384297013282776,999.9767456054688
2,11,0.025046152994036674,0.14704743027687073,0.7834452986717224,0.2609570622444153,999.9549560546875
3,11,0.025046152994036674,0.14704743027687073,0.6934470534324646,0.3694092929363251,999.9375610351562
4,11,0.025046152994036674,0.14704743027687073,0.6137868165969849,0.4654022455215454,999.9197387695312
0,12,0.025053592398762703,0.14450174570083618,1.0,1.4450175431224288e-11,1000.0
1,12,0.025053592398762703,0.14450174570083618,0.8873869776725769,0.1362033486366272,999.9740600585938
2,12,0.025053592398762703,0.14450174570083618,0.7874560952186584,0.2570686340332031,999.9555053710938
3,12,0.025053592398762703,0.14450174570083618,0.6987780332565308,0.3643227815628052,999.9369506835938
4,12,0.025053592398762703,0.14450174570083618,0.6200860738754272,0.45949867367744446,999.92041015625
0,13,0.0260905921459198,0.13609954714775085,1.0,1.360995430937928e-11,1000.0
1,13,0.0260905921459198,0.13609954714775085,0.8958024382591248,0.12887896597385406,999.9752807617188
2,13,0.0260905921459198,0.13609954714775085,0.8024615049362183,0.24432896077632904,999.95263671875
3,13,0.0260905921459198,0.13609954714775085,0.718845784664154,0.3477492332458496,999.9324951171875
4,13,0.0260905921459198,0.13609954714775085,0.6439428925514221,0.4403933882713318,999.9151611328125
0,14,0.028090039268136024,0.13977842032909393,1.0,1.3977841453738371e-11,1000.0
1,14,0.028090039268136024,0.13977842032909393,0.8942988514900208,0.13225336372852325,999.9725341796875
2,14,0.028090039268136024,0.13977842032909393,0.7997668981552124,0.2505275309085846,999.9497680664062
3,14,0.028090039268136024,0.13977842032909393,0.7152290940284729,0.35629895329475403,999.92822265625
4,14,0.028090039268136024,0.13977842032909393,0.6396260857582092,0.4508906602859497,999.9095458984375
0,15,0.027855444699525833,0.13419358432292938,1.0,1.3419358506350232e-11,1000.0
1,15,0.027855444699525833,0.13419358432292938,0.8990954756736755,0.12730321288108826,999.9738159179688
2,15,0.027855444699525833,0.13419358432292938,0.8083712458610535,0.24176086485385895,999.9497680664062
3,15,0.027855444699525833,0.13419358432292938,0.7268020510673523,0.3446691632270813,999.9287109375
4,15,0.027855444699525833,0.13419358432292938,0.6534631848335266,0.43719327449798584,999.9096069335938
0,16,0.026118673384189606,0.14913085103034973,1.0,1.4913084656065223e-11,1000.0
1,16,0.026118673384189606,0.14913085103034973,0.8842294216156006,0.14032141864299774,999.9754028320312
2,16,0.026118673384189606,0.14913085103034973,0.7818613052368164,0.2643977105617523,999.9537963867188
3,16,0.026118673384189606,0.14913085103034973,0.6913440227508545,0.37410950660705566,999.9345703125
4,16,0.026118673384189606,0.14913085103034973,0.611305832862854,0.47111985087394714,999.9176025390625
0,17,0.02555660903453827,0.1276722103357315,1.0,1.2767222175302795e-11,1000.0
1,17,0.02555660903453827,0.1276722103357315,0.9029018878936768,0.12136835604906082,999.9757690429688
2,17,0.02555660903453827,0.1276722103357315,0.8152312636375427,0.23095202445983887,999.953857421875
3,17,0.02555660903453827,0.1276722103357315,0.7360730171203613,0.3298952579498291,999.9340209960938
4,17,0.02555660903453827,0.1276722103357315,0.66460120677948,0.41923126578330994,999.917236328125
0,18,0.026167061179876328,0.15047204494476318,1.0,1.504720480161037e-11,1000.0
1,18,0.026167061179876328,0.15047204494476318,0.883087158203125,0.1414937674999237,999.9754638671875
2,18,0.026167061179876328,0.15047204494476318,0.7798423767089844,0.2664451003074646,999.953857421875
3,18,0.026167061179876328,0.15047204494476318,0.6886677145957947,0.37678787112236023,999.9345703125
4,18,0.026167061179876328,0.15047204494476318,0.6081527471542358,0.47422996163368225,999.9176025390625
0,19,0.02896111086010933,0.1384868621826172,1.0,1.3848686954143208e-11,1000.0
1,19,0.02896111086010933,0.1384868621826172,0.8962328433990479,0.13117045164108276,999.97216796875
2,19,0.02896111086010933,0.1384868621826172,0.8032326698303223,0.24872982501983643,999.9482421875
3,19,0.02896111086010933,0.1384868621826172,0.7198826670646667,0.3540901243686676,999.9259033203125
4,19,0.02896111086010933,0.1384868621826172,0.6451807022094727,0.448517382144928,999.9063720703125
0,20,0.024908417835831642,0.15117380023002625,1.0,1.5117381305107536e-11,1000.0
1,20,0.024908417835831642,0.15117380023002625,0.8813599348068237,0.14201749861240387,999.9761962890625
2,20,0.024908417835831642,0.15117380023002625,0.7767927646636963,0.26718559861183167,999.9559326171875
3,20,0.024908417835831642,0.15117380023002625,0.6846323609352112,0.37750357389450073,999.937744140625
4,20,0.024908417835831642,0.15117380023002625,0.6034058332443237,0.4747332036495209,999.9217529296875
0,21,0.028365803882479668,0.13255642354488373,1.0,1.3255642243581445e-11,1000.0
1,21,0.028365803882479668,0.13255642354488373,0.9010276198387146,0.12588278949260712,999.9730224609375
2,21,0.028365803882479668,0.13255642354488373,0.8118503093719482,0.23930664360523224,999.9488525390625
3,21,0.028365803882479668,0.13255642354488373,0.7314984798431396,0.3415045738220215,999.9270629882812
4,21,0.028365803882479668,0.13255642354488373,0.6590989828109741,0.43358755111694336,999.9072875976562
0,22,0.026432428508996964,0.14033879339694977,1.0,1.4033879960906326e-11,1000.0
1,22,0.026432428508996964,0.14033879339694977,0.8923175930976868,0.1326393485069275,999.9750366210938
2,22,0.026432428508996964,0.14033879339694977,0.7962313294410706,0.2509951889514923,999.9532470703125
3,22,0.026432428508996964,0.14033879339694977,0.7104899287223816,0.356606662273407,999.9312744140625
4,22,0.026432428508996964,0.14033879339694977,0.6339806914329529,0.45084574818611145,999.91552734375
0,23,0.028203820809721947,0.14496180415153503,1.0,1.4496181165168931e-11,1000.0
1,23,0.028203820809721947,0.14496180415153503,0.8897752165794373,0.13681715726852417,999.9733276367188
2,23,0.028203820809721947,0.14496180415153503,0.7916994094848633,0.25855356454849243,999.9496459960938
3,23,0.028203820809721947,0.14496180415153503,0.7044329643249512,0.36687150597572327,999.9288940429688
4,23,0.028203820809721947,0.14496180415153503,0.6267861127853394,0.46325013041496277,999.9097900390625
0,24,0.029169391840696335,0.141060933470726,1.0,1.4106093897126026e-11,1000.0
1,24,0.029169391840696335,0.141060933470726,0.8941141366958618,0.13345350325107574,999.9730834960938
2,24,0.029169391840696335,0.141060933470726,0.7994405627250671,0.2527761161327362,999.9476318359375
3,24,0.029169391840696335,0.141060933470726,0.714789628982544,0.3594646155834198,999.9260864257812
4,24,0.029169391840696335,0.141060933470726,0.6391036510467529,0.4548552632331848,999.9052734375
0,25,0.02541891112923622,0.14868418872356415,1.0,1.4868418996005772e-11,1000.0
1,25,0.02541891112923622,0.14868418872356415,0.8840063214302063,0.1398838609457016,999.97607421875
2,25,0.02541891112923622,0.14868418872356415,0.7814667224884033,0.2635419964790344,999.9549560546875
3,25,0.02541891112923622,0.14868418872356415,0.6908209323883057,0.3728565573692322,999.9363403320312
4,25,0.02541891112923622,0.14868418872356415,0.6106891632080078,0.4694911539554596,999.9197998046875
0,26,0.026163944974541664,0.15091505646705627,1.0,1.5091506169739866e-11,1000.0
1,26,0.026163944974541664,0.15091505646705627,0.8826940655708313,0.14187930524349213,999.9758911132812
2,26,0.026163944974541664,0.15091505646705627,0.779147207736969,0.26711520552635193,999.954345703125
3,26,0.026163944974541664,0.15091505646705627,0.6877471804618835,0.37765997648239136,999.9360961914062
4,26,0.026163944974541664,0.15091505646705627,0.6070696711540222,0.4752364456653595,999.9188232421875
0,27,0.028582870960235596,0.13311654329299927,1.0,1.3311653862535522e-11,1000.0
1,27,0.028582870960235596,0.13311654329299927,0.9007191061973572,0.12639334797859192,999.974609375
2,27,0.028582870960235596,0.13311654329299927,0.8112930059432983,0.24023835361003876,999.9509887695312
3,27,0.028582870960235596,0.13311654329299927,0.7307460904121399,0.3427804708480835,999.9271240234375
4,27,0.028582870960235596,0.13311654329299927,0.6581942439079285,0.43514126539230347,999.9067993164062
0,28,0.02959216944873333,0.13995204865932465,1.0,1.3995204301009423e-11,1000.0
1,28,0.02959216944873333,0.13995204865932465,0.8954848647117615,0.1325039565563202,999.9719848632812
2,28,0.02959216944873333,0.13995204865932465,0.8018928170204163,0.2511594593524933,999.9469604492188
3,28,0.02959216944873333,0.13995204865932465,0.7180813550949097,0.3574129641056061,999.9242553710938
4,28,0.02959216944873333,0.13995204865932465,0.6430299878120422,0.45256176590919495,999.9044799804688
0,29,0.02850237488746643,0.13243848085403442,1.0,1.3243848726030016e-11,1000.0
1,29,0.02850237488746643,0.13243848085403442,0.9012553691864014,0.1257867068052292,999.9727172851562
2,29,0.02850237488746643,0.13243848085403442,0.8122634291648865,0.2391524612903595,999.9486694335938
3,29,0.02850237488746643,0.13243848085403442,0.7320573329925537,0.34132418036460876,999.9254150390625
4,29,0.02850237488746643,0.13243848085403442,0.6597700119018555,0.43340715765953064,999.9071655273438
0,30,0.028465017676353455,0.15012584626674652,1.0,1.50125849252003e-11,1000.0
1,30,0.028465017676353455,0.15012584626674652,0.8854230046272278,0.14135099947452545,999.973388671875
2,30,0.028465017676353455,0.15012584626674652,0.7839735746383667,0.26650628447532654,999.9497680664062
3,30,0.028465017676353455,0.15012584626674652,0.6941472291946411,0.3773218095302582,999.9281616210938
4,30,0.028465017676353455,0.15012584626674652,0.614612877368927,0.47544002532958984,999.9097900390625
0,31,0.02916143462061882,0.14353904128074646,1.0,1.4353905217201479e-11,1000.0
1,31,0.02916143462061882,0.14353904128074646,0.8918948173522949,0.1356324851512909,999.9725341796875
2,31,0.02916143462061882,0.14353904128074646,0.7954756617546082,0.25660231709480286,999.947998046875
3,31,0.02916143462061882,0.14353904128074646,0.7094795107841492,0.3644946217536926,999.926025390625
4,31,0.02916143462061882,0.14353904128074646,0.6327797770500183,0.46072298288345337,999.906494140625
0,32,0.024829760193824768,0.13711082935333252,1.0,1.3711082616496562e-11,1000.0
1,32,0.024829760193824768,0.13711082935333252,0.8937695622444153,0.12969179451465607,999.975830078125
2,32,0.024829760193824768,0.13711082935333252,0.7988255620002747,0.245606929063797,999.9555053710938
3,32,0.024829760193824768,0.13711082935333252,0.7139652371406555,0.34920769929885864,999.9365844726562
4,32,0.024829760193824768,0.13711082935333252,0.6381205320358276,0.4418034255504608,999.9190063476562
0,33,0.02733786590397358,0.1506766676902771,1.0,1.5067667599732992e-11,1000.0
1,33,0.02733786590397358,0.1506766676902771,0.8839395642280579,0.14175313711166382,999.9742431640625
2,33,0.02733786590397358,0.1506766676902771,0.781348705291748,0.26705431938171387,999.9514770507812
3,33,0.02733786590397358,0.1506766676902771,0.690663754940033,0.3778132498264313,999.931884765625
4,33,0.02733786590397358,0.1506766676902771,0.6105042695999146,0.475716769695282,999.9140625
0,34,0.02936173416674137,0.14410808682441711,1.0,1.4410809351383946e-11,1000.0
1,34,0.02936173416674137,0.14410808682441711,0.8915656805038452,0.13614553213119507,999.9722900390625
2,34,0.02936173416674137,0.14410808682441711,0.7948888540267944,0.2575281858444214,999.9476928710938
3,34,0.02936173416674137,0.14410808682441711,0.7086946964263916,0.36574870347976685,999.9254760742188
4,34,0.02936173416674137,0.14410808682441711,0.63184654712677,0.462234228849411,999.906005859375
0,35,0.02891743928194046,0.13267351686954498,1.0,1.3267351627044288e-11,1000.0
1,35,0.02891743928194046,0.13267351686954498,0.9014186859130859,0.12602084875106812,999.9724731445312
2,35,0.02891743928194046,0.13267351686954498,0.8125553727149963,0.23961839079856873,999.94775390625
3,35,0.02891743928194046,0.13267351686954498,0.7324513792991638,0.34201720356941223,999.925537109375
4,35,0.02891743928194046,0.13267351686954498,0.6602439880371094,0.4343213438987732,999.9054565429688
0,36,0.027133964002132416,0.1494511514902115,1.0,1.4945116325049135e-11,1000.0
1,36,0.027133964002132416,0.1494511514902115,0.8848434090614319,0.14067059755325317,999.9744873046875
2,36,0.027133964002132416,0.1494511514902115,0.7829471230506897,0.2651420831680298,999.9519653320312
3,36,0.027133964002132416,0.1494511514902115,0.6927850246429443,0.37527960538864136,999.93212890625
4,36,0.027133964002132416,0.1494511514902115,0.6130050420761108,0.47273391485214233,999.9141235351562
0,37,0.028180254623293877,0.14458569884300232,1.0,1.445856975812454e-11,1000.0
1,37,0.028180254623293877,0.14458569884300232,0.8900895714759827,0.13648580014705658,999.9729614257812
2,37,0.028180254623293877,0.14458569884300232,0.79225754737854,0.2579701840877533,999.9497680664062
3,37,0.028180254623293877,0.14458569884300232,0.7051786780357361,0.3661019504070282,999.9287109375
4,37,0.028180254623293877,0.14458569884300232,0.6276702284812927,0.4623487889766693,999.9110717773438
0,38,0.024605365470051765,0.14240345358848572,1.0,1.4240345881655347e-11,1000.0
1,38,0.024605365470051765,0.14240345358848572,0.8888512849807739,0.13433431088924408,999.9771728515625
2,38,0.024605365470051765,0.14240345358848572,0.7900599241256714,0.2537377178668976,999.9561767578125
3,38,0.024605365470051765,0.14240345358848572,0.7022466659545898,0.3598697781562805,999.9378662109375
4,38,0.024605365470051765,0.14240345358848572,0.6241920590400696,0.45420530438423157,999.9204711914062
0,39,0.026339340955018997,0.13903088867664337,1.0,1.3903088749711578e-11,1000.0
1,39,0.026339340955018997,0.13903088867664337,0.8934025168418884,0.13148155808448792,999.9751586914062
2,39,0.026339340955018997,0.13903088867664337,0.79816734790802,0.24894744157791138,999.9529418945312
3,39,0.026339340955018997,0.13903088867664337,0.713083803653717,0.35389167070388794,999.9330444335938
4,39,0.026339340955018997,0.13903088867664337,0.6370697021484375,0.44764891266822815,999.915283203125
0,40,0.028250155970454216,0.1486341953277588,1.0,1.4863419522948007e-11,1000.0
1,40,0.028250155970454216,0.1486341953277588,0.8865545988082886,0.14003409445285797,999.9729614257812
2,40,0.028250155970454216,0.1486341953277588,0.7859795689582825,0.2641817629337311,999.9487915039062
3,40,0.028250155970454216,0.1486341953277588,0.6968131065368652,0.3742460608482361,999.9285888671875
4,40,0.028250155970454216,0.1486341953277588,0.6177591681480408,0.47182297706604004,999.9107666015625
0,41,0.028373798355460167,0.144940584897995,1.0,1.4494058730996073e-11,1000.0
1,41,0.028373798355460167,0.144940584897995,0.8899475932121277,0.1368100345134735,999.9743041992188
2,41,0.028373798355460167,0.144940584897995,0.7920017242431641,0.25856322050094604,999.9494018554688
3,41,0.028373798355460167,0.144940584897995,0.704835057258606,0.36691659688949585,999.9288330078125
4,41,0.028373798355460167,0.144940584897995,0.6272642612457275,0.4633451998233795,999.9082641601562
0,42,0.028995808213949203,0.12638571858406067,1.0,1.2638572480239141e-11,1000.0
1,42,0.028995808213949203,0.12638571858406067,0.9071758389472961,0.12042468786239624,999.9727172851562
2,42,0.028995808213949203,0.12638571858406067,0.8229668140411377,0.22967076301574707,999.9479370117188
3,42,0.028995808213949203,0.12638571858406067,0.746574342250824,0.32877641916275024,999.925048828125
4,42,0.028995808213949203,0.12638571858406067,0.6772725582122803,0.4186822474002838,999.904052734375
0,43,0.025349875912070274,0.1375720202922821,1.0,1.3757201974828881e-11,1000.0
1,43,0.025349875912070274,0.1375720202922821,0.8938219547271729,0.13013197481632233,999.9759521484375
2,43,0.025349875912070274,0.1375720202922821,0.798919141292572,0.2464471459388733,999.95263671875
3,43,0.025349875912070274,0.1375720202922821,0.7140913009643555,0.3504117727279663,999.935302734375
4,43,0.025349875912070274,0.1375720202922821,0.6382701992988586,0.443337619304657,999.91796875
0,44,0.028811119496822357,0.13579341769218445,1.0,1.3579342511560455e-11,1000.0
1,44,0.028811119496822357,0.13579341769218445,0.8985150456428528,0.1287800669670105,999.972900390625
2,44,0.028811119496822357,0.13579341769218445,0.8073293566703796,0.2444908767938614,999.9483032226562
3,44,0.028811119496822357,0.13579341769218445,0.725396990776062,0.348458856344223,999.9260864257812
4,44,0.028811119496822357,0.13579341769218445,0.6517786979675293,0.4418753683567047,999.9063720703125
0,45,0.02933790162205696,0.14559589326381683,1.0,1.4559589645024573e-11,1000.0
1,45,0.02933790162205696,0.14559589326381683,0.8902179598808289,0.13744930922985077,999.9718627929688
2,45,0.02933790162205696,0.14559589326381683,0.7924893498420715,0.25980910658836365,999.9476928710938
3,45,0.02933790162205696,0.14559589326381683,0.7054881453514099,0.36873605847358704,999.92578125
4,45,0.02933790162205696,0.14559589326381683,0.6280367970466614,0.46570488810539246,999.9066772460938
0,46,0.025499451905488968,0.1409575194120407,1.0,1.4095753210485729e-11,1000.0
1,46,0.025499451905488968,0.1409575194120407,0.8909350633621216,0.13312289118766785,999.9758911132812
2,46,0.025499451905488968,0.1409575194120407,0.7937644124031067,0.2517266869544983,999.9534912109375
3,46,0.025499451905488968,0.1409575194120407,0.7071930766105652,0.3573947250843048,999.9361572265625
4,46,0.025499451905488968,0.1409575194120407,0.6300609111785889,0.4515382945537567,999.918701171875
0,47,0.026336481794714928,0.13226552307605743,1.0,1.322655266561279e-11,1000.0
1,47,0.026336481794714928,0.13226552307605743,0.8994647860527039,0.12549947202205658,999.9754028320312
2,47,0.026336481794714928,0.13226552307605743,0.8090358376502991,0.2383819818496704,999.9533081054688
3,47,0.026336481794714928,0.13226552307605743,0.7276977300643921,0.33991560339927673,999.931640625
4,47,0.026336481794714928,0.13226552307605743,0.6545382142066956,0.4312407672405243,999.91455078125
0,48,0.028744790703058243,0.1461227983236313,1.0,1.4612280135883893e-11,1000.0
1,48,0.028744790703058243,0.1461227983236313,0.8892230987548828,0.13787095248699188,999.9729614257812
2,48,0.028744790703058243,0.1461227983236313,0.7907170653343201,0.2604689300060272,999.9489135742188
3,48,0.028744790703058243,0.1461227983236313,0.7031229138374329,0.3694857656955719,999.9274291992188
4,48,0.028744790703058243,0.1461227983236313,0.6252318620681763,0.4664258658885956,999.9083862304688
0,49,0.027068521827459335,0.14743347465991974,1.0,1.474334716811132e-11,1000.0
1,49,0.027068521827459335,0.14743347465991974,0.8865728974342346,0.13890403509140015,999.9739990234375
2,49,0.027068521827459335,0.14743347465991974,0.7860103249549866,0.2620529234409332,999.9519653320312
3,49,0.027068521827459335,0.14743347465991974,0.696854293346405,0.3712330162525177,999.9319458007812
4,49,0.027068521827459335,0.14743347465991974,0.6178102493286133,0.46802982687950134,999.9156494140625
0,50,0.02603420987725258,0.1445562243461609,1.0,1.4455622462938855e-11,1000.0
1,50,0.02603420987725258,0.1445562243461609,0.8882081508636475,0.13631656765937805,999.9752197265625
2,50,0.02603420987725258,0.1445562243461609,0.788914680480957,0.2573939561843872,999.9544067382812
3,50,0.02603420987725258,0.1445562243461609,0.7007195353507996,0.3649366497993469,999.935546875
4,50,0.02603420987725258,0.1445562243461609,0.6223851442337036,0.46045541763305664,999.9165649414062
0,51,0.027758939191699028,0.13785456120967865,1.0,1.3785456283443853e-11,1000.0
1,51,0.027758939191699028,0.13785456120967865,0.8957232236862183,0.13053517043590546,999.9737548828125
2,51,0.027758939191699028,0.13785456120967865,0.8023195862770081,0.24745850265026093,999.9500732421875
3,51,0.027758939191699028,0.13785456120967865,0.7186553478240967,0.35218939185142517,999.9292602539062
4,51,0.027758939191699028,0.13785456120967865,0.6437152624130249,0.4459990859031677,999.9102783203125
0,52,0.027787338942289352,0.14956535398960114,1.0,1.495653600969149e-11,1000.0
1,52,0.027787338942289352,0.14956535398960114,0.8853199481964111,0.14081521332263947,999.973876953125
2,52,0.027787338942289352,0.14956535398960114,0.7837908864021301,0.2654816806316376,999.95068359375
3,52,0.027787338942289352,0.14956535398960114,0.6939048767089844,0.3758513033390045,999.9302978515625
4,52,0.027787338942289352,0.14956535398960114,0.6143267154693604,0.4735635817050934,999.9121704101562
0,53,0.028880245983600616,0.14448991417884827,1.0,1.4448991482451934e-11,1000.0
1,53,0.028880245983600616,0.14448991417884827,0.8907970190048218,0.13644851744174957,999.972900390625
2,53,0.028880245983600616,0.14448991417884827,0.7935178875923157,0.2579963505268097,999.9488525390625
3,53,0.028880245983600616,0.14448991417884827,0.7068629860877991,0.3662707805633545,999.9266357421875
4,53,0.028880245983600616,0.14448991417884827,0.6296696066856384,0.46272122859954834,999.907470703125
0,54,0.02790578454732895,0.12940286099910736,1.0,1.2940285995521883e-11,1000.0
1,54,0.02790578454732895,0.12940286099910736,0.9034590721130371,0.12305089086294174,999.9732055664062
2,54,0.02790578454732895,0.12940286099910736,0.8162368535995483,0.23422178626060486,999.9495849609375
3,54,0.02790578454732895,0.12940286099910736,0.7374347448348999,0.3346604108810425,999.9285278320312
4,54,0.02790578454732895,0.12940286099910736,0.6662400364875793,0.42540234327316284,999.908203125
0,55,0.025985056534409523,0.13512742519378662,1.0,1.3512742140509015e-11,1000.0
1,55,0.025985056534409523,0.13512742519378662,0.8965787887573242,0.1280127912759781,999.9759521484375
2,55,0.025985056534409523,0.13512742519378662,0.8038544058799744,0.2427864670753479,999.9534912109375
3,55,0.025985056534409523,0.13512742519378662,0.720718264579773,0.34568995237350464,999.93310546875
4,55,0.025985056534409523,0.13512742519378662,0.6461796164512634,0.437950998544693,999.916015625
0,56,0.02863653004169464,0.15308447182178497,1.0,1.5308447218198573e-11,1000.0
1,56,0.02863653004169464,0.15308447182178497,0.8829582929611206,0.1439400315284729,999.9732055664062
2,56,0.02863653004169464,0.15308447182178497,0.7796156406402588,0.27103322744369507,999.9495239257812
3,56,0.02863653004169464,0.15308447182178497,0.6883668899536133,0.3832509517669678,999.9285278320312
4,56,0.02863653004169464,0.15308447182178497,0.6077985167503357,0.4823343753814697,999.9102172851562
0,57,0.02730131521821022,0.12932609021663666,1.0,1.2932608976778948e-11,1000.0
1,57,0.02730131521821022,0.12932609021663666,0.9029822945594788,0.12294594943523407,999.97412109375
2,57,0.02730131521821022,0.12932609021663666,0.8153764009475708,0.2339639514684677,999.95068359375
3,57,0.02730131521821022,0.12932609021663666,0.736269474029541,0.3342111110687256,999.9295043945312
4,57,0.02730131521821022,0.12932609021663666,0.664837658405304,0.4247329533100128,999.9108276367188
0,58,0.024426713585853577,0.14764776825904846,1.0,1.4764776207210062e-11,1000.0
1,58,0.024426713585853577,0.14764776825904846,0.8840463757514954,0.13891185820102692,999.9771118164062
2,58,0.024426713585853577,0.14764776825904846,0.7815371155738831,0.26171618700027466,999.9567260742188
3,58,0.024426713585853577,0.14764776825904846,0.6909147500991821,0.37028107047080994,999.9387817382812
4,58,0.024426713585853577,0.14764776825904846,0.6107998490333557,0.4662573039531708,999.9225463867188
0,59,0.02575645223259926,0.14152760803699493,1.0,1.4152761428076754e-11,1000.0
1,59,0.02575645223259926,0.14152760803699493,0.8906567096710205,0.13364073634147644,999.975341796875
2,59,0.02575645223259926,0.14152760803699493,0.7932642698287964,0.2526688575744629,999.9539794921875
3,59,0.02575645223259926,0.14152760803699493,0.7065277099609375,0.35868126153945923,999.9363403320312
4,59,0.02575645223259926,0.14152760803699493,0.6292721033096313,0.4531022310256958,999.9168701171875
0,60,0.027365347370505333,0.13489371538162231,1.0,1.3489371945840656e-11,1000.0
1,60,0.027365347370505333,0.13489371538162231,0.8980261087417603,0.1278926432132721,999.9740600585938
2,60,0.027365347370505333,0.13489371538162231,0.8064504265785217,0.24274352192878723,999.9508056640625
3,60,0.027365347370505333,0.13489371538162231,0.724212646484375,0.34588250517845154,999.9298706054688
4,60,0.027365347370505333,0.13489371538162231,0.6503618955612183,0.43850475549697876,999.9093627929688
0,61,0.026247264817357063,0.1381610929965973,1.0,1.3816109714626101e-11,1000.0
1,61,0.026247264817357063,0.1381610929965973,0.8940974473953247,0.13070884346961975,999.975341796875
2,61,0.026247264817357063,0.1381610929965973,0.7994095683097839,0.24757534265518188,999.952880859375
3,61,0.026247264817357063,0.1381610929965973,0.714748740196228,0.35206499695777893,999.9322509765625
4,61,0.026247264817357063,0.1381610929965973,0.6390550136566162,0.44548895955085754,999.915771484375
0,62,0.028415115550160408,0.13657225668430328,1.0,1.3657225524099648e-11,1000.0
1,62,0.028415115550160408,0.13657225668430328,0.8974606990814209,0.12944401800632477,999.97314453125
2,62,0.028415115550160408,0.13657225668430328,0.8054351806640625,0.2456149309873581,999.948974609375
3,62,0.028415115550160408,0.13657225668430328,0.7228454351425171,0.3498736023902893,999.9273071289062
4,62,0.028415115550160408,0.13657225668430328,0.6487239003181458,0.4434419572353363,999.907470703125
0,63,0.02616325207054615,0.1307324469089508,1.0,1.3073245611061601e-11,1000.0
1,63,0.02616325207054615,0.1307324469089508,0.9006897807121277,0.12412768602371216,999.9757690429688
2,63,0.02616325207054615,0.1307324469089508,0.8112396597862244,0.23592789471149445,999.9527587890625
3,63,0.02616325207054615,0.1307324469089508,0.7306731343269348,0.33662548661231995,999.9329223632812
4,63,0.02616325207054615,0.1307324469089508,0.6581082344055176,0.4273221790790558,999.9144287109375
0,64,0.027928967028856277,0.13098369538784027,1.0,1.3098369611164173e-11,1000.0
1,64,0.027928967028856277,0.13098369538784027,0.90205317735672,0.12445865571498871,999.9740600585938
2,64,0.027928967028856277,0.13098369538784027,0.8136969804763794,0.23672693967819214,999.9493408203125
3,64,0.027928967028856277,0.13098369538784027,0.7339975237846375,0.33799856901168823,999.9276123046875
4,64,0.027928967028856277,0.13098369538784027,0.6621015667915344,0.4293510615825653,999.9080810546875
0,65,0.025218365713953972,0.13592566549777985,1.0,1.3592567175979564e-11,1000.0
1,65,0.025218365713953972,0.13592566549777985,0.8951779007911682,0.12867021560668945,999.9761352539062
2,65,0.025218365713953972,0.13592566549777985,0.8013430237770081,0.24385292828083038,999.954833984375
3,65,0.025218365713953972,0.13592566549777985,0.717343807220459,0.3469618558883667,999.9357299804688
4,65,0.025218365713953972,0.13592566549777985,0.6421507000923157,0.4392629563808441,999.9197998046875
0,66,0.02465030737221241,0.142853245139122,1.0,1.428532552666395e-11,1000.0
1,66,0.02465030737221241,0.142853245139122,0.8884932994842529,0.13473179936408997,999.9775390625
2,66,0.02465030737221241,0.142853245139122,0.7894209623336792,0.2544402778148651,999.9566040039062
3,66,0.02465030737221241,0.142853245139122,0.7013942003250122,0.36079975962638855,999.9363403320312
4,66,0.02465030737221241,0.142853245139122,0.6231825351715088,0.45530009269714355,999.9213256835938
0,67,0.026369810104370117,0.13337425887584686,1.0,1.3337425781856371e-11,1000.0
1,67,0.026369810104370117,0.13337425887584686,0.8984977602958679,0.12648466229438782,999.9750366210938
2,67,0.026369810104370117,0.13337425887584686,0.8072974681854248,0.24013081192970276,999.9525756835938
3,67,0.026369810104370117,0.13337425887584686,0.7253542542457581,0.34224140644073486,999.9324340820312
4,67,0.026369810104370117,0.13337425887584686,0.6517279744148254,0.433987557888031,999.9143676757812
0,68,0.028951043263077736,0.1271512359380722,1.0,1.2715123225148783e-11,1000.0
1,68,0.028951043263077736,0.1271512359380722,0.9064403772354126,0.12110576778650284,999.9723510742188
2,68,0.028951043263077736,0.1271512359380722,0.8216345906257629,0.23088115453720093,999.9480590820312
3,68,0.028951043263077736,0.1271512359380722,0.7447618842124939,0.33038559556007385,999.9249877929688
4,68,0.028951043263077736,0.1271512359380722,0.6750811338424683,0.4205804467201233,999.9043579101562
0,69,0.02636275440454483,0.13449051976203918,1.0,1.3449051768088527e-11,1000.0
1,69,0.02636275440454483,0.13449051976203918,0.8974888920783997,0.127472922205925,999.9750366210938
2,69,0.02636275440454483,0.13449051976203918,0.8054859638214111,0.24187840521335602,999.95263671875
3,69,0.02636275440454483,0.13449051976203918,0.7229138612747192,0.3445560038089752,999.9325561523438
4,69,0.02636275440454483,0.13449051976203918,0.6488062143325806,0.43670785427093506,999.9144287109375
0,70,0.025615593418478966,0.1358349472284317,1.0,1.3583494572200205e-11,1000.0
1,70,0.025615593418478966,0.1358349472284317,0.8956145644187927,0.12861506640911102,999.975341796875
2,70,0.025615593418478966,0.1358349472284317,0.8021252751350403,0.2438049614429474,999.9530639648438
3,70,0.025615593418478966,0.1358349472284317,0.7183932662010193,0.3469698429107666,999.9351806640625
4,70,0.025615593418478966,0.1358349472284317,0.6434025764465332,0.43936631083488464,999.917724609375
0,71,0.02532259374856949,0.15250644087791443,1.0,1.525064449725555e-11,1000.0
1,71,0.02532259374856949,0.15250644087791443,0.8805496692657471,0.14320476353168488,999.9776000976562
2,71,0.02532259374856949,0.15250644087791443,0.775366485118866,0.2693038582801819,999.9552612304688
3,71,0.02532259374856949,0.15250644087791443,0.6827476024627686,0.380340039730072,999.9368896484375
4,71,0.02532259374856949,0.15250644087791443,0.6011919379234314,0.47811272740364075,999.920654296875
0,72,0.026909369975328445,0.14118193089962006,1.0,1.4118193593370965e-11,1000.0
1,72,0.026909369975328445,0.14118193089962006,0.8919905424118042,0.1334122270345688,999.9746704101562
2,72,0.026909369975328445,0.14118193089962006,0.7956464886665344,0.25241464376449585,999.9520263671875
3,72,0.026909369975328445,0.14118193089962006,0.7097083330154419,0.3585635721683502,999.9315795898438
4,72,0.026909369975328445,0.14118193089962006,0.6330519914627075,0.4532472491264343,999.9136962890625
0,73,0.028258031234145164,0.14415690302848816,1.0,1.4415689995883607e-11,1000.0
1,73,0.028258031234145164,0.14415690302848816,0.8905392289161682,0.13611473143100739,999.973388671875
2,73,0.028258031234145164,0.14415690302848816,0.7930607199668884,0.25733044743537903,999.9495239257812
3,73,0.028258031234145164,0.14415690302848816,0.7062510848045349,0.3652775287628174,999.9284057617188
4,73,0.028258031234145164,0.14415690302848816,0.6289432644844055,0.46140867471694946,999.9098510742188
0,74,0.026487434282898903,0.1392257660627365,1.0,1.3922576633240702e-11,1000.0
1,74,0.026487434282898903,0.1392257660627365,0.8933603763580322,0.13166296482086182,999.9745483398438
2,74,0.026487434282898903,0.1392257660627365,0.7980923652648926,0.24928510189056396,999.9525146484375
3,74,0.026487434282898903,0.1392257660627365,0.7129833698272705,0.3543640971183777,999.9326171875
4,74,0.026487434282898903,0.1392257660627365,0.6369495391845703,0.4482377767562866,999.9144287109375
0,75,0.026490217074751854,0.13609270751476288,1.0,1.3609270828329745e-11,1000.0
1,75,0.026490217074751854,0.13609270751476288,0.8961670398712158,0.12889814376831055,999.9755249023438
2,75,0.026490217074751854,0.13609270751476288,0.8031107783317566,0.2444121092557907,999.9513549804688
3,75,0.026490217074751854,0.13609270751476288,0.7197234034538269,0.34793171286582947,999.9336547851562
4,75,0.026490217074751854,0.13609270751476288,0.6449903845787048,0.44070306420326233,999.91455078125
0,76,0.029667992144823074,0.142682746052742,1.0,1.4268274062256836e-11,1000.0
1,76,0.029667992144823074,0.142682746052742,0.8931106328964233,0.13491348922252655,999.971923828125
2,76,0.029667992144823074,0.142682746052742,0.7976460456848145,0.25540608167648315,999.9468994140625
3,76,0.029667992144823074,0.142682746052742,0.7123850584030151,0.3630192279815674,999.924560546875
4,76,0.029667992144823074,0.142682746052742,0.6362358927726746,0.4591290056705475,999.9058227539062
0,77,0.025019949302077293,0.1478208303451538,1.0,1.4782083543329883e-11,1000.0
1,77,0.025019949302077293,0.1478208303451538,0.8844172954559326,0.1391032338142395,999.9765014648438
2,77,0.025019949302077293,0.1478208303451538,0.7821935415267944,0.2621285319328308,999.9556884765625
3,77,0.025019949302077293,0.1478208303451538,0.6917848587036133,0.3709341883659363,999.9373168945312
4,77,0.025019949302077293,0.1478208303451538,0.611825704574585,0.4671635925769806,999.9210205078125
0,78,0.025437915697693825,0.15093640983104706,1.0,1.5093641614338793e-11,1000.0
1,78,0.025437915697693825,0.15093640983104706,0.882034420967102,0.14184756577014923,999.97607421875
2,78,0.025437915697693825,0.15093640983104706,0.7779842615127563,0.2669619619846344,999.955078125
3,78,0.025437915697693825,0.15093640983104706,0.6862080097198486,0.37731704115867615,999.936279296875
4,78,0.025437915697693825,0.15093640983104706,0.6052582859992981,0.474653959274292,999.920166015625
0,79,0.024597154930233955,0.13898974657058716,1.0,1.3898973985626562e-11,1000.0
1,79,0.024597154930233955,0.13898974657058716,0.8918854594230652,0.131333127617836,999.9767456054688
2,79,0.024597154930233955,0.13898974657058716,0.7954593896865845,0.24846717715263367,999.9560546875
3,79,0.024597154930233955,0.13898974657058716,0.7094579935073853,0.3529372811317444,999.9376220703125
4,79,0.024597154930233955,0.13898974657058716,0.6327521204948425,0.4461129903793335,999.9208984375
0,80,0.025091713294386864,0.14303439855575562,1.0,1.4303440376561838e-11,1000.0
1,80,0.025091713294386864,0.14303439855575562,0.8887244462966919,0.1349198818206787,999.976318359375
2,80,0.025091713294386864,0.14303439855575562,0.78983074426651,0.25482645630836487,999.955322265625
3,80,0.025091713294386864,0.14303439855575562,0.7019411325454712,0.3613901734352112,999.9366455078125
4,80,0.025091713294386864,0.14303439855575562,0.6238313317298889,0.45609593391418457,999.9199829101562
0,81,0.028034524992108345,0.14414572715759277,1.0,1.441457196660334e-11,1000.0
1,81,0.028034524992108345,0.14414572715759277,0.8903506994247437,0.13609008491039276,999.9736938476562
2,81,0.028034524992108345,0.14414572715759277,0.7927249073982239,0.257257878780365,999.9495239257812
3,81,0.028034524992108345,0.14414572715759277,0.7058016061782837,0.36514025926589966,999.9286499023438
4,81,0.028034524992108345,0.14414572715759277,0.6284102201461792,0.46119239926338196,999.9102783203125
0,82,0.026530757546424866,0.1516379565000534,1.0,1.5163797301154247e-11,1000.0
1,82,0.026530757546424866,0.1516379565000534,0.8823787569999695,0.14253409206867218,999.9752197265625
2,82,0.026530757546424866,0.1516379565000534,0.7785924077033997,0.2683030366897583,999.9539184570312
3,82,0.026530757546424866,0.1516379565000534,0.687012791633606,0.3792784512042999,999.9317016601562
4,82,0.026530757546424866,0.1516379565000534,0.6062027812004089,0.47720199823379517,999.9171752929688
0,83,0.02507273480296135,0.13371391594409943,1.0,1.3371390800154259e-11,1000.0
1,83,0.02507273480296135,0.13371391594409943,0.8970295190811157,0.12670496106147766,999.976806640625
2,83,0.02507273480296135,0.13371391594409943,0.8046613931655884,0.24036309123039246,999.9556274414062
3,83,0.02507273480296135,0.13371391594409943,0.7218040823936462,0.34231752157211304,999.9360961914062
4,83,0.02507273480296135,0.13371391594409943,0.6474786996841431,0.4337736666202545,999.918701171875
0,84,0.025718005374073982,0.13346123695373535,1.0,1.3346123685364919e-11,1000.0
1,84,0.025718005374073982,0.13346123695373535,0.8978347182273865,0.1265212595462799,999.9755859375
2,84,0.025718005374073982,0.13346123695373535,0.806106686592102,0.24011637270450592,999.953857421875
3,84,0.025718005374073982,0.13346123695373535,0.7237498760223389,0.3421059548854828,999.93408203125
4,84,0.025718005374073982,0.13346123695373535,0.6498066782951355,0.4336756467819214,999.9164428710938
0,85,0.025515718385577202,0.138015478849411,1.0,1.3801548445768752e-11,1000.0
1,85,0.025515718385577202,0.138015478849411,0.8935753107070923,0.13053368031978607,999.9761352539062
2,85,0.025515718385577202,0.138015478849411,0.7984728813171387,0.24717508256435394,999.9542236328125
3,85,0.025515718385577202,0.138015478849411,0.7134957909584045,0.3514024019241333,999.9361572265625
4,85,0.025515718385577202,0.138015478849411,0.6375607848167419,0.4445379376411438,999.9183349609375
0,86,0.0291903018951416,0.14988473057746887,1.0,1.4988472268884223e-11,1000.0
1,86,0.0291903018951416,0.14988473057746887,0.8862782716751099,0.141190767288208,999.97265625
2,86,0.0291903018951416,0.14988473057746887,0.7854892015457153,0.2663250267505646,999.9480590820312
3,86,0.0291903018951416,0.14988473057746887,0.6961610317230225,0.37722867727279663,999.9266967773438
4,86,0.0291903018951416,0.14988473057746887,0.6169914603233337,0.47552013397216797,999.9074096679688
0,87,0.027918193489313126,0.1469007283449173,1.0,1.4690072075440597e-11,1000.0
1,87,0.027918193489313126,0.1469007283449173,0.8877978324890137,0.13849608600139618,999.9735107421875
2,87,0.027918193489313126,0.1469007283449173,0.7881826758384705,0.26145243644714355,999.950439453125
3,87,0.027918193489313126,0.1469007283449173,0.6997469067573547,0.3706134259700775,999.9293212890625
4,87,0.027918193489313126,0.1469007283449173,0.6212342977523804,0.4675259590148926,999.9109497070312
0,88,0.025189097970724106,0.13161073625087738,1.0,1.3161073793288569e-11,1000.0
1,88,0.025189097970724106,0.13161073625087738,0.8990231156349182,0.12484796345233917,999.9759521484375
2,88,0.025189097970724106,0.13161073625087738,0.8082419633865356,0.23708927631378174,999.955078125
3,88,0.025189097970724106,0.13161073625087738,0.7266260981559753,0.3379965126514435,999.9351806640625
4,88,0.025189097970724106,0.13161073625087738,0.6532525420188904,0.42871421575546265,999.9180908203125
0,89,0.028814394026994705,0.1368144303560257,1.0,1.3681443131186022e-11,1000.0
1,89,0.028814394026994705,0.1368144303560257,0.8976024985313416,0.12968361377716064,999.9723510742188
2,89,0.028814394026994705,0.1368144303560257,0.8056876063346863,0.24608761072158813,999.9482421875
3,89,0.028814394026994705,0.1368144303560257,0.7231866121292114,0.35057222843170166,999.9259033203125
4,89,0.028814394026994705,0.1368144303560257,0.6491304039955139,0.44435691833496094,999.9061889648438
0,90,0.02441617287695408,0.1420823037624359,1.0,1.4208230078582851e-11,1000.0
1,90,0.02441617287695408,0.1420823037624359,0.8889709711074829,0.13403986394405365,999.9773559570312
2,90,0.02441617287695408,0.1420823037624359,0.7902688384056091,0.253197580575943,999.9564819335938
3,90,0.02441617287695408,0.1420823037624359,0.7025246024131775,0.35912466049194336,999.9400634765625
4,90,0.02441617287695408,0.1420823037624359,0.62452232837677,0.45329174399375916,999.92333984375
0,91,0.027369825169444084,0.12636859714984894,1.0,1.2636860308168352e-11,1000.0
1,91,0.027369825169444084,0.12636859714984894,0.9057186841964722,0.12031321227550507,999.97412109375
2,91,0.027369825169444084,0.12636859714984894,0.8203258514404297,0.22928309440612793,999.950439453125
3,91,0.027369825169444084,0.12636859714984894,0.7429847121238708,0.3279792368412018,999.9292602539062
4,91,0.027369825169444084,0.12636859714984894,0.6729324460029602,0.41737017035484314,999.9098510742188
0,92,0.024525191634893417,0.14241373538970947,1.0,1.4241373705314864e-11,1000.0
1,92,0.024525191634893417,0.14241373538970947,0.8887738585472107,0.13433793187141418,999.9760131835938
2,92,0.024525191634893417,0.14241373538970947,0.7899171113967896,0.2537339925765991,999.956298828125
3,92,0.024525191634893417,0.14241373538970947,0.7020564079284668,0.35984984040260315,999.9380493164062
4,92,0.024525191634893417,0.14241373538970947,0.6239688396453857,0.4541630744934082,999.9224853515625
0,93,0.028916653245687485,0.14237679541110992,1.0,1.4237678744311033e-11,1000.0
1,93,0.028916653245687485,0.14237679541110992,0.8927134871482849,0.1345948576927185,999.9730834960938
2,93,0.028916653245687485,0.14237679541110992,0.7969368696212769,0.2547492980957031,999.9483032226562
3,93,0.028916653245687485,0.14237679541110992,0.7114354968070984,0.36201295256614685,999.926513671875
4,93,0.028916653245687485,0.14237679541110992,0.6351068615913391,0.45776835083961487,999.9071655273438
0,94,0.02533857338130474,0.14144638180732727,1.0,1.4144638585400493e-11,1000.0
1,94,0.02533857338130474,0.14144638180732727,0.8903561234474182,0.13354209065437317,999.9741821289062
2,94,0.02533857338130474,0.14144638180732727,0.7927340865135193,0.2524419128894806,999.9548950195312
3,94,0.02533857338130474,0.14144638180732727,0.7058150768280029,0.3583051562309265,999.9359741210938
4,94,0.02533857338130474,0.14144638180732727,0.6284250020980835,0.4525608420372009,999.918212890625
0,95,0.025679750367999077,0.1309332698583603,1.0,1.3093327637381247e-11,1000.0
1,95,0.025679750367999077,0.1309332698583603,0.9000728726387024,0.12427666783332825,999.9754638671875
2,95,0.025679750367999077,0.1309332698583603,0.8101308941841125,0.23613451421260834,999.9536743164062
3,95,0.025679750367999077,0.1309332698583603,0.7291758060455322,0.33681488037109375,999.9339599609375
4,95,0.025679750367999077,0.1309332698583603,0.6563104391098022,0.4274343252182007,999.9163818359375
0,96,0.026059871539473534,0.14980962872505188,1.0,1.498096265095672e-11,1000.0
1,96,0.026059871539473534,0.14980962872505188,0.8835774064064026,0.1409091055393219,999.9743041992188
2,96,0.026059871539473534,0.14980962872505188,0.7807089686393738,0.265413373708725,999.9539184570312
3,96,0.026059871539473534,0.14980962872505188,0.6898162364959717,0.3754224181175232,999.934814453125
4,96,0.026059871539473534,0.14980962872505188,0.6095052361488342,0.4726237952709198,999.9178466796875
0,97,0.028067193925380707,0.13735753297805786,1.0,1.3735754721133642e-11,1000.0
1,97,0.028067193925380707,0.13735753297805786,0.8964446187019348,0.13011594116687775,999.973388671875
2,97,0.028067193925380707,0.13735753297805786,0.8036123514175415,0.2467576265335083,999.9495849609375
3,97,0.028067193925380707,0.13735753297805786,0.7203930616378784,0.3513203263282776,999.92822265625
4,97,0.028067193925380707,0.13735753297805786,0.6457909941673279,0.4450545310974121,999.909423828125
0,98,0.024402853101491928,0.1474476009607315,1.0,1.474476096774424e-11,1000.0
1,98,0.024402853101491928,0.1474476009607315,0.8842023015022278,0.13873548805713654,999.97705078125
2,98,0.024402853101491928,0.1474476009607315,0.7818136215209961,0.26140573620796204,999.9567260742188
3,98,0.024402853101491928,0.1474476009607315,0.691279947757721,0.3698709309101105,999.9387817382812
4,98,0.024402853101491928,0.1474476009607315,0.6112311482429504,0.46577590703964233,999.9231567382812
0,99,0.02825479954481125,0.13600993156433105,1.0,1.360099446262586e-11,1000.0
1,99,0.02825479954481125,0.13600993156433105,0.8978217840194702,0.1289365589618683,999.97265625
2,99,0.02825479954481125,0.13600993156433105,0.8060826659202576,0.24469837546348572,999.949951171875
3,99,0.02825479954481125,0.13600993156433105,0.7237172722816467,0.34863197803497314,999.927490234375
4,99,0.02825479954481125,0.13600993156433105,0.6497686505317688,0.4419454336166382,999.90869140625
