date,Infected,Hospitalized,Dead
2020-01-22,1.0,,0.0
2020-01-23,1.0,,0.0
2020-01-24,1.0,,0.0
2020-01-25,1.0,,0.0
2020-01-26,1.0,,0.0
2020-01-27,1.0,,0.0
2020-01-28,1.0,,0.0
2020-01-29,1.0,,0.0
2020-01-30,1.0,,0.0
2020-01-31,1.0,,0.0
2020-02-01,1.0,,0.0
2020-02-02,1.0,,0.0
2020-02-03,1.0,,0.0
2020-02-04,1.0,,0.0
2020-02-05,1.0,,0.0
2020-02-06,1.0,,0.0
2020-02-07,1.0,,0.0
2020-02-08,1.0,,0.0
2020-02-09,1.0,,0.0
2020-02-10,1.0,,0.0
2020-02-11,1.0,,0.0
2020-02-12,1.0,,0.0
2020-02-13,1.0,,0.0
2020-02-14,1.0,,0.0
2020-02-15,1.0,,0.0
2020-02-16,1.0,,0.0
2020-02-17,1.0,,0.0
2020-02-18,1.0,,0.0
2020-02-19,1.0,,0.0
2020-02-20,1.0,,0.0
2020-02-21,1.0,,0.0
2020-02-22,1.0,,0.0
2020-02-23,1.0,,0.0
2020-02-24,1.0,,0.0
2020-02-25,1.0,,0.0
2020-02-26,1.0,,0.0
2020-02-27,1.0,,0.0
2020-02-28,1.0,,0.0
2020-02-29,7.0,,1.0
2020-03-01,11.0,,1.0
2020-03-02,18.0,,6.0
2020-03-03,27.0,,7.0
2020-03-04,39.0,,10.0
2020-03-05,70.0,,11.0
2020-03-06,78.0,,13.0
2020-03-07,102.0,,16.0
2020-03-08,122.0,,18.0
2020-03-09,122.0,,19.0
2020-03-10,167.0,,23.0
2020-03-11,282.0,,24.0
2020-03-12,442.0,,31.0
2020-03-13,568.0,,37.0
2020-03-14,642.0,,39.0
2020-03-15,603.0,,40.0
2020-03-16,779.0,,48.0
2020-03-17,955.0,,55.0
2020-03-18,1022.0,,67.0
2020-03-19,1374.0,,73.0
2020-03-20,1524.0,,83.0
2020-03-21,1793.0,,94.0
2020-03-22,1997.0,,97.0
2020-03-23,2221.0,,109.0
2020-03-24,2328.0,,116.0
2020-03-25,2591.0,,133.0
2020-03-26,3207.0,,150.0
2020-03-27,3477.0,,157.0
2020-03-28,4030.0,,188.0
2020-03-29,4465.0,,198.0
2020-03-30,4923.0,,205.0
2020-03-31,5432.0,,225.0
2020-04-01,5608.0,,310.0
2020-04-02,6389.0,,340.0
2020-04-03,6846.0,,369.0
2020-04-04,7247.0,,398.0
2020-04-05,7825.0,,426.0
2020-04-06,8311.0,,450.0
2020-04-07,8692.0,,474.0
2020-04-08,9276.0,,489.0
2020-04-09,9639.0,,507.0
2020-04-10,10119.0,,524.0
2020-04-11,10434.0,,547.0
2020-04-12,10609.0,,562.0
2020-04-13,10635.0,,582.0
2020-04-14,10799.0,,599.0
2020-04-15,10942.0,,609.0
2020-04-16,11057.0,,630.0
2020-04-17,11517.0,,649.0
2020-04-18,11776.0,,666.0
2020-04-19,11978.0,,690.0
2020-04-20,12114.0,,709.0
2020-04-21,12392.0,,725.0
2020-04-22,12596.0,,734.0
2020-04-23,12753.0,,747.0
2020-04-24,12977.0,,762.0
2020-04-25,13319.0,,779.0
2020-04-26,13521.0,,799.0
2020-04-27,13686.0,,810.0
2020-04-28,13842.0,,820.0
2020-04-29,14070.0,,828.0
2020-04-30,14327.0,,836.0
2020-05-01,14637.0,,850.0
2020-05-02,15003.0,,862.0
2020-05-03,15185.0,,874.0
2020-05-04,15462.0,,885.0
2020-05-05,15594.0,,898.0
2020-05-06,15905.0,,911.0
2020-05-07,16231.0,,925.0
2020-05-08,16388.0,,941.0
2020-05-09,16674.0,,952.0
2020-05-10,16891.0,,968.0
2020-05-11,17122.0,,974.0
2020-05-12,17330.0,,990.0
2020-05-13,17512.0,,996.0
2020-05-14,17773.0,,1004.0
2020-05-15,17951.0,,1016.0
2020-05-16,18288.0,,1024.0
2020-05-17,18433.0,,1035.0
2020-05-18,18611.0,,1041.0
2020-05-19,18811.0,,1048.0
2020-05-20,18971.0,,1052.0
2020-05-21,19117.0,,1061.0
2020-05-22,19265.0,,1066.0
2020-05-23,19265.0,,1075.0
2020-05-24,19828.0,,1084.0
2020-05-25,20065.0,,1088.0
2020-05-26,20181.0,,1094.0
2020-05-27,20406.0,,1105.0
2020-05-28,20764.0,,1109.0
2020-05-29,21071.0,,1115.0
2020-05-30,21349.0,,1117.0
2020-05-31,21702.0,,1123.0
2020-06-01,22239.0,,1128.0
2020-06-02,22516.0,,1134.0
2020-06-03,22764.0,,1139.0
2020-06-04,23024.0,,1150.0
2020-06-05,23483.0,,1155.0
2020-06-06,23767.0,,1159.0
2020-06-07,24078.0,,1170.0
2020-06-08,24378.0,,1180.0
2020-06-09,24630.0,,1185.0
2020-06-10,24892.0,,1186.0
2020-06-11,25176.0,,1198.0
2020-06-12,25542.0,,1203.0
2020-06-13,25825.0,,1207.0
2020-06-14,26158.0,,1209.0
2020-06-15,26530.0,,1211.0
2020-06-16,26787.0,,1219.0
2020-06-17,27193.0,,1225.0
2020-06-18,27608.0,,1232.0
2020-06-19,28225.0,,1239.0
2020-06-20,28676.0,,1243.0
2020-06-21,28874.0,,1248.0
2020-06-22,29394.0,,1253.0
2020-06-23,29874.0,,1263.0
2020-06-24,30372.0,,1266.0
2020-06-25,30866.0,,1270.0
2020-06-26,31422.0,,1281.0
2020-06-27,31766.0,,1288.0
2020-06-28,32267.0,,1292.0
2020-06-29,32831.0,,1297.0
2020-06-30,33439.0,,1303.0
2020-07-01,34152.0,,1309.0
2020-07-02,34909.0,,1319.0
2020-07-03,35260.0,,1328.0
2020-07-04,35902.0,,1335.0
2020-07-05,36959.0,,1342.0
2020-07-06,37393.0,,1351.0
2020-07-07,37916.0,,1360.0
2020-07-08,38563.0,,1368.0
2020-07-09,39202.0,,1384.0
2020-07-10,39806.0,,1393.0
2020-07-11,40672.0,,1400.0
2020-07-12,41749.0,,1405.0
2020-07-13,42295.0,,1414.0
2020-07-14,43037.0,26.0,1426.0
2020-07-15,44299.0,48.0,1429.0
2020-07-16,45052.0,77.0,1435.0
2020-07-17,46022.0,103.0,1441.0
2020-07-18,46956.0,133.0,1448.0
2020-07-19,47751.0,162.0,1457.0
2020-07-20,48590.0,205.0,1468.0
2020-07-21,49250.0,234.0,1480.0
2020-07-22,49982.0,264.0,1488.0
2020-07-23,50832.0,293.0,1497.0
2020-07-24,51870.0,320.0,1510.0
2020-07-25,52669.0,348.0,1522.0
2020-07-26,53339.0,377.0,1537.0
2020-07-27,54201.0,403.0,1545.0
2020-07-28,54979.0,428.0,1559.0
2020-07-29,55751.0,457.0,1575.0
2020-07-30,56736.0,487.0,1588.0
2020-07-31,57586.0,516.0,1603.0
2020-08-01,58216.0,537.0,1619.0
2020-08-02,58767.0,566.0,1628.0
2020-08-03,59447.0,595.0,1638.0
2020-08-04,60132.0,625.0,1656.0
2020-08-05,60963.0,669.0,1677.0
2020-08-06,61686.0,688.0,1685.0
2020-08-07,62583.0,715.0,1702.0
2020-08-08,63189.0,740.0,1711.0
2020-08-09,63769.0,766.0,1722.0
2020-08-10,64260.0,805.0,1733.0
2020-08-11,64800.0,829.0,1741.0
2020-08-12,65439.0,853.0,1755.0
2020-08-13,66254.0,892.0,1765.0
2020-08-14,66989.0,936.0,1780.0
2020-08-15,67581.0,975.0,1791.0
2020-08-16,67854.0,1003.0,1802.0
2020-08-17,68386.0,1028.0,1809.0
2020-08-18,68922.0,1051.0,1816.0
2020-08-19,69662.0,1077.0,1828.0
2020-08-20,70180.0,1098.0,1836.0
2020-08-21,71007.0,1116.0,1840.0
2020-08-22,71471.0,1128.0,1845.0
2020-08-23,71814.0,1141.0,1849.0
2020-08-24,72161.0,1169.0,1856.0
2020-08-25,72634.0,1189.0,1862.0
2020-08-26,73217.0,1214.0,1877.0
2020-08-27,73801.0,1240.0,1886.0
2020-08-28,74420.0,1265.0,1894.0
2020-08-29,74885.0,1281.0,1899.0
2020-08-30,75195.0,1299.0,1904.0
2020-08-31,75502.0,1317.0,1912.0
2020-09-01,75977.0,1362.0,1918.0
2020-09-02,76537.0,1414.0,1924.0
2020-09-03,77034.0,1451.0,1930.0
2020-09-04,77559.0,1483.0,1932.0
2020-09-05,77979.0,1517.0,1942.0
2020-09-06,78295.0,1547.0,1948.0
2020-09-07,78492.0,1582.0,1952.0
2020-09-08,78781.0,1613.0,1954.0
2020-09-09,79280.0,1630.0,1958.0
2020-09-10,79880.0,1656.0,1965.0
2020-09-11,80374.0,1679.0,1972.0
2020-09-12,80738.0,1701.0,1978.0
2020-09-13,81056.0,1731.0,1983.0
2020-09-14,81392.0,1756.0,1990.0
2020-09-15,81776.0,1788.0,1999.0
2020-09-16,82193.0,1817.0,2007.0
2020-09-17,82610.0,1852.0,2013.0
2020-09-18,83239.0,1884.0,2021.0
2020-09-19,83622.0,1906.0,2026.0
2020-09-20,83925.0,1935.0,2034.0
2020-09-21,84270.0,1960.0,2040.0
2020-09-22,84814.0,1988.0,2051.0
2020-09-23,85397.0,2012.0,2057.0
2020-09-24,86422.0,2039.0,2063.0
2020-09-25,87062.0,2061.0,2070.0
2020-09-26,87519.0,2084.0,2074.0
2020-09-27,87897.0,2104.0,2081.0
2020-09-28,88291.0,2123.0,2088.0
2020-09-29,88823.0,2140.0,2093.0
2020-09-30,89463.0,2165.0,2100.0
2020-10-01,90179.0,2189.0,2110.0
2020-10-02,90821.0,2210.0,2117.0
2020-10-03,91290.0,2228.0,2123.0
2020-10-04,91709.0,2255.0,2127.0
2020-10-05,92136.0,2278.0,2135.0
2020-10-06,92692.0,2302.0,2146.0
2020-10-07,93450.0,2332.0,2151.0
2020-10-08,94143.0,2356.0,2158.0
2020-10-09,94691.0,2387.0,2165.0
2020-10-10,95539.0,2417.0,2168.0
2020-10-11,95914.0,2453.0,2171.0
2020-10-12,96521.0,2487.0,2183.0
2020-10-13,97240.0,2515.0,2187.0
2020-10-14,97938.0,2540.0,2196.0
2020-10-15,98713.0,2562.0,2200.0
2020-10-16,99539.0,2594.0,2205.0
2020-10-17,100105.0,2620.0,2211.0
2020-10-18,100572.0,2650.0,2221.0
2020-10-19,101064.0,2680.0,2231.0
2020-10-20,101864.0,2715.0,2237.0
2020-10-21,102567.0,2742.0,2248.0
2020-10-22,103379.0,2771.0,2259.0
2020-10-23,104328.0,2803.0,2266.0
2020-10-24,105069.0,2833.0,2277.0
2020-10-25,105665.0,2862.0,2285.0
2020-10-26,106212.0,2910.0,2294.0
2020-10-27,106963.0,2955.0,2304.0
2020-10-28,107843.0,3010.0,2316.0
2020-10-29,108954.0,3068.0,2320.0
2020-10-30,109932.0,3098.0,2331.0
2020-10-31,110808.0,3129.0,2345.0
2020-11-01,111848.0,3168.0,2353.0
2020-11-02,112593.0,3206.0,2358.0
2020-11-03,114127.0,3249.0,2368.0
2020-11-04,115251.0,3294.0,2380.0
2020-11-05,117023.0,3341.0,2392.0
2020-11-06,118771.0,3398.0,2406.0
2020-11-07,120221.0,3457.0,2411.0
2020-11-08,121467.0,3507.0,2422.0
2020-11-09,122887.0,3572.0,2432.0
2020-11-10,124549.0,3649.0,2446.0
2020-11-11,126574.0,3715.0,2453.0
2020-11-12,128821.0,3770.0,2466.0
2020-11-13,131141.0,3856.0,2477.0
2020-11-14,133391.0,3909.0,2493.0
2020-11-15,134969.0,3987.0,2505.0
2020-11-16,137561.0,4063.0,2520.0
2020-11-17,139120.0,4156.0,2532.0
2020-11-18,141231.0,4263.0,2545.0
2020-11-19,143405.0,4357.0,2557.0
2020-11-20,145281.0,4456.0,2573.0
2020-11-21,147929.0,4547.0,2595.0
2020-11-22,151488.0,4631.0,2612.0
2020-11-23,154770.0,4755.0,2631.0
2020-11-24,157790.0,4856.0,2645.0
2020-11-25,160663.0,4959.0,2662.0
2020-11-26,162730.0,5049.0,2681.0
2020-11-27,165124.0,5149.0,2695.0
2020-11-28,167231.0,5240.0,2714.0
2020-11-29,169500.0,5326.0,2731.0
2020-11-30,171962.0,5432.0,2762.0
2020-12-01,175033.0,5528.0,2783.0
2020-12-02,177358.0,5635.0,2806.0
2020-12-03,179443.0,5757.0,2823.0
2020-12-04,181329.0,5856.0,2849.0
2020-12-05,183081.0,5960.0,2867.0
2020-12-06,189152.0,6061.0,2883.0
2020-12-07,192947.0,6179.0,2905.0
2020-12-08,196032.0,6273.0,2915.0
2020-12-09,199028.0,6362.0,2922.0
2020-12-10,202177.0,6467.0,2933.0
2020-12-11,206288.0,6560.0,2939.0
2020-12-12,208717.0,6652.0,2941.0
2020-12-13,210809.0,6739.0,2941.0
2020-12-14,212584.0,6864.0,2941.0
2020-12-15,214265.0,6972.0,2941.0
2020-12-16,214265.0,7069.0,3042.0
2020-12-17,217205.0,7163.0,3117.0
2020-12-18,220268.0,7271.0,3104.0
2020-12-19,222600.0,7371.0,3104.0
2020-12-20,222600.0,7463.0,3104.0
2020-12-21,226635.0,7570.0,3106.0
2020-12-22,227887.0,7692.0,3131.0
2020-12-23,230202.0,7824.0,3162.0
2020-12-24,233093.0,7904.0,3184.0
2020-12-25,233093.0,8023.0,3184.0
2020-12-26,236719.0,8137.0,3184.0
2020-12-27,236719.0,8229.0,3184.0
2020-12-28,238672.0,8333.0,3195.0
2020-12-29,240846.0,8423.0,3369.0
2020-12-30,242330.0,8530.0,3420.0
2020-12-31,246752.0,8631.0,3461.0
2021-01-01,246752.0,8730.0,3461.0
2021-01-02,246752.0,8820.0,3461.0
2021-01-03,255396.0,8918.0,3459.0
2021-01-04,256435.0,9026.0,3482.0
2021-01-05,258767.0,9144.0,3541.0
2021-01-06,260752.0,9252.0,3605.0
2021-01-07,264012.0,9355.0,3634.0
2021-01-08,268607.0,9441.0,3699.0
2021-01-09,271595.0,9528.0,3698.0
2021-01-10,271595.0,9633.0,3698.0
2021-01-11,276686.0,9737.0,3699.0
2021-01-12,278544.0,9836.0,3789.0
2021-01-13,281202.0,9932.0,3838.0
2021-01-14,283777.0,10034.0,3876.0
2021-01-15,285970.0,10105.0,3903.0
2021-01-16,285970.0,10193.0,3903.0
2021-01-17,289939.0,10303.0,3903.0
2021-01-18,289939.0,10383.0,3903.0
2021-01-19,291989.0,10471.0,3940.0
2021-01-20,294017.0,10564.0,3940.0
2021-01-21,296087.0,10664.0,4065.0
2021-01-22,298249.0,10747.0,4114.0
2021-01-23,300198.0,10814.0,4114.0
2021-01-24,300198.0,10884.0,4114.0
2021-01-25,302141.0,10975.0,4148.0
2021-01-26,303482.0,11062.0,4167.0
2021-01-27,305289.0,11162.0,4211.0
2021-01-28,307809.0,11246.0,4243.0
2021-01-29,309801.0,11324.0,4285.0
2021-01-30,311597.0,11392.0,4285.0
2021-01-31,311597.0,11463.0,4285.0
2021-02-01,313335.0,11539.0,4318.0
2021-02-02,314692.0,11616.0,4316.0
2021-02-03,316294.0,11684.0,4388.0
2021-02-04,317878.0,11754.0,4416.0
2021-02-05,319371.0,11825.0,4449.0
2021-02-06,320146.0,11873.0,4449.0
2021-02-07,320146.0,11921.0,4449.0
2021-02-08,323214.0,11974.0,4451.0
2021-02-09,324025.0,12024.0,4558.0
2021-02-10,324706.0,12091.0,4603.0
2021-02-11,326159.0,12145.0,4633.0
2021-02-12,327167.0,12206.0,4675.0
2021-02-13,328047.0,12246.0,4675.0
2021-02-14,328047.0,12310.0,4675.0
2021-02-15,328047.0,12382.0,4675.0
2021-02-16,329746.0,12450.0,4709.0
2021-02-17,330807.0,12495.0,4759.0
2021-02-18,332007.0,12548.0,4803.0
2021-02-19,332904.0,12583.0,4822.0
2021-02-20,333794.0,12623.0,4822.0
2021-02-21,333794.0,12673.0,4822.0
2021-02-22,334962.0,12716.0,4857.0
2021-02-23,335693.0,12762.0,4881.0
2021-02-24,336565.0,12813.0,4912.0
2021-02-25,337653.0,12856.0,4942.0
2021-02-26,338822.0,12899.0,4956.0
2021-02-27,339773.0,12925.0,4956.0
2021-02-28,339773.0,12961.0,4956.0
2021-03-01,340708.0,13010.0,4969.0
2021-03-02,341441.0,13072.0,4988.0
2021-03-03,342236.0,13106.0,5012.0
2021-03-04,343090.0,13136.0,5032.0
2021-03-05,343868.0,13171.0,5041.0
2021-03-06,344532.0,13203.0,5041.0
2021-03-07,344532.0,13239.0,5041.0
2021-03-08,345731.0,13280.0,5063.0
2021-03-09,346403.0,13328.0,5077.0
2021-03-10,347131.0,13367.0,5100.0
2021-03-11,347884.0,13402.0,5107.0
2021-03-12,348516.0,13447.0,5123.0
2021-03-13,349425.0,13481.0,5123.0
2021-03-14,349425.0,13534.0,5123.0
2021-03-15,350506.0,13570.0,5135.0
2021-03-16,351109.0,13607.0,5149.0
2021-03-17,352012.0,13654.0,5156.0
2021-03-18,352907.0,13699.0,5168.0
2021-03-19,353792.0,13737.0,5174.0
2021-03-20,354782.0,13760.0,5174.0
2021-03-21,354782.0,13786.0,5174.0
2021-03-22,355986.0,13828.0,5183.0
2021-03-23,356536.0,13871.0,5186.0
2021-03-24,357499.0,13917.0,5200.0
2021-03-25,358606.0,13958.0,5213.0
2021-03-26,359666.0,13988.0,5218.0
2021-03-27,361115.0,14021.0,5218.0
2021-03-28,361115.0,14067.0,5218.0
2021-03-29,362385.0,14129.0,5226.0
2021-03-30,363235.0,14180.0,5237.0
2021-03-31,364486.0,14223.0,5247.0
2021-04-01,365762.0,14275.0,5262.0
2021-04-02,367115.0,14333.0,5278.0
2021-04-03,368403.0,14359.0,5278.0
2021-04-04,368403.0,14413.0,5278.0
2021-04-05,370017.0,14458.0,5285.0
2021-04-06,370652.0,14508.0,5299.0
2021-04-07,372170.0,14580.0,5306.0
2021-04-08,373212.0,14632.0,5316.0
2021-04-09,374794.0,14683.0,5322.0
2021-04-10,376230.0,14732.0,5322.0
2021-04-11,376230.0,14794.0,5322.0
2021-04-12,377952.0,14852.0,5329.0
2021-04-13,379056.0,14906.0,5340.0
2021-04-14,380339.0,14983.0,5357.0
2021-04-15,381725.0,15049.0,5362.0
2021-04-16,383894.0,15117.0,5380.0
2021-04-17,385549.0,15175.0,5380.0
2021-04-18,385549.0,15238.0,5380.0
2021-04-19,386920.0,15295.0,5394.0
2021-04-20,388718.0,15369.0,5407.0
2021-04-21,390214.0,15449.0,5422.0
2021-04-22,391839.0,15520.0,5428.0
2021-04-23,393594.0,15608.0,5434.0
2021-04-24,395312.0,15673.0,5434.0
2021-04-25,395312.0,15751.0,5434.0
2021-04-26,397417.0,15837.0,5450.0
2021-04-27,398509.0,15925.0,5462.0
2021-04-28,400149.0,16004.0,5474.0
2021-04-29,401718.0,16081.0,5487.0
2021-04-30,403040.0,16149.0,5499.0
2021-05-01,404709.0,16198.0,5499.0
2021-05-02,404709.0,16274.0,5499.0
2021-05-03,407191.0,16349.0,5507.0
2021-05-04,408607.0,16421.0,5528.0
2021-05-05,409933.0,16494.0,5539.0
2021-05-06,411075.0,16571.0,5553.0
2021-05-07,412483.0,16630.0,5564.0
2021-05-08,413980.0,16683.0,5564.0
2021-05-09,413980.0,16757.0,5564.0
2021-05-10,415705.0,16839.0,5586.0
2021-05-11,416930.0,16904.0,5593.0
2021-05-12,418020.0,16972.0,5614.0
2021-05-13,419382.0,17040.0,5626.0
2021-05-14,421757.0,17097.0,5622.0
2021-05-15,422665.0,17143.0,5622.0
2021-05-16,422665.0,17207.0,5622.0
2021-05-17,423382.0,17270.0,5640.0
2021-05-18,424050.0,17330.0,5653.0
2021-05-19,424903.0,17404.0,5673.0
2021-05-20,425848.0,17501.0,5690.0
2021-05-21,427494.0,17570.0,5702.0
2021-05-22,427494.0,17622.0,5702.0
2021-05-23,427494.0,17705.0,5702.0
2021-05-24,429499.0,17803.0,5709.0
2021-05-25,430415.0,17860.0,5722.0
2021-05-26,432170.0,17915.0,5741.0
2021-05-27,433701.0,17970.0,5754.0
2021-05-28,434783.0,18005.0,5765.0
2021-05-29,435849.0,18046.0,5765.0
2021-05-30,435849.0,18094.0,5765.0
2021-05-31,435849.0,18143.0,5765.0
2021-06-01,436984.0,18208.0,5789.0
2021-06-02,437677.0,18271.0,5801.0
2021-06-03,438544.0,18331.0,5821.0
2021-06-04,439263.0,18392.0,5836.0
2021-06-05,440057.0,18433.0,5836.0
2021-06-06,440057.0,18495.0,5836.0
2021-06-07,440889.0,18547.0,5856.0
2021-06-08,441591.0,18598.0,5785.0
2021-06-09,442098.0,18642.0,5793.0
2021-06-10,442815.0,18682.0,5803.0
2021-06-11,443454.0,18714.0,5815.0
2021-06-12,444166.0,18751.0,5815.0
2021-06-13,444166.0,18790.0,5815.0
2021-06-14,444722.0,18826.0,5782.0
2021-06-15,445155.0,18858.0,5800.0
2021-06-16,445686.0,18896.0,5801.0
2021-06-17,446124.0,18934.0,5810.0
2021-06-18,446682.0,18974.0,5820.0
2021-06-19,447203.0,19009.0,5820.0
2021-06-20,447203.0,19061.0,5820.0
2021-06-21,447724.0,19109.0,5838.0
2021-06-22,448142.0,19144.0,5843.0
2021-06-23,448945.0,19189.0,5889.0
2021-06-24,449491.0,19225.0,5898.0
2021-06-25,449983.0,19267.0,5902.0
2021-06-26,450404.0,19290.0,5902.0
2021-06-27,450404.0,19325.0,5902.0
2021-06-28,450930.0,19354.0,5911.0
2021-06-29,451248.0,19385.0,5920.0
2021-06-30,451595.0,19435.0,5930.0
2021-07-01,452072.0,19463.0,5938.0
2021-07-02,452483.0,19504.0,5939.0
2021-07-03,452483.0,19541.0,5939.0
2021-07-04,452483.0,19571.0,5939.0
2021-07-05,452483.0,19605.0,5939.0
2021-07-06,453665.0,19641.0,5960.0
2021-07-07,454068.0,19685.0,5973.0
2021-07-08,454650.0,19728.0,5986.0
2021-07-09,455103.0,19765.0,5997.0
2021-07-10,455103.0,19802.0,5997.0
2021-07-11,455103.0,19832.0,5997.0
2021-07-12,456709.0,19875.0,6000.0
2021-07-13,457814.0,19919.0,6022.0
2021-07-14,458517.0,19964.0,6027.0
2021-07-15,459306.0,20012.0,6036.0
2021-07-16,460067.0,20052.0,6042.0
2021-07-17,460067.0,20097.0,6042.0
2021-07-18,460067.0,20144.0,6042.0
2021-07-19,461847.0,20186.0,6043.0
2021-07-20,462577.0,20246.0,6056.0
2021-07-21,463537.0,20305.0,6063.0
2021-07-22,466099.0,20364.0,6066.0
2021-07-23,466099.0,20411.0,6066.0
2021-07-24,466235.0,20473.0,6078.0
2021-07-25,466235.0,20538.0,6078.0
2021-07-26,469308.0,20610.0,6089.0
2021-07-27,470333.0,20699.0,6097.0
2021-07-28,471489.0,20775.0,6100.0
2021-07-29,472362.0,20861.0,6119.0
2021-07-30,473076.0,20938.0,6122.0
2021-07-31,473076.0,21004.0,6122.0
2021-08-01,473076.0,21093.0,6122.0
2021-08-02,475881.0,21198.0,6127.0
2021-08-03,481357.0,21280.0,6136.0
2021-08-04,483389.0,21385.0,6145.0
2021-08-05,486303.0,21482.0,6155.0
2021-08-06,488640.0,21564.0,6168.0
2021-08-07,488640.0,21634.0,6168.0
2021-08-08,488640.0,21756.0,6168.0
2021-08-09,495338.0,21869.0,6177.0
2021-08-10,495357.0,21999.0,6187.0
2021-08-11,500434.0,22118.0,6204.0
2021-08-12,504132.0,22229.0,6215.0
2021-08-13,507294.0,22345.0,6239.0
2021-08-14,507294.0,22459.0,6239.0
2021-08-15,507294.0,22601.0,6239.0
2021-08-16,514884.0,22773.0,6248.0
2021-08-17,517214.0,22903.0,6269.0
2021-08-18,520733.0,23041.0,6297.0
2021-08-19,524670.0,23196.0,6330.0
2021-08-20,528453.0,23353.0,6356.0
2021-08-21,528453.0,23480.0,6356.0
2021-08-22,528453.0,23636.0,6356.0
2021-08-23,536814.0,23816.0,6383.0
2021-08-24,539887.0,23979.0,6417.0
2021-08-25,542878.0,24137.0,6448.0
2021-08-26,546721.0,24296.0,6471.0
2021-08-27,550988.0,24472.0,6507.0
2021-08-28,550988.0,24645.0,6507.0
2021-08-29,550988.0,24797.0,6507.0
2021-08-30,559762.0,24977.0,6534.0
2021-08-31,563041.0,25165.0,6574.0
2021-09-01,567104.0,25340.0,6611.0
2021-09-02,571468.0,25518.0,6643.0
2021-09-03,575490.0,25693.0,6691.0
2021-09-04,575490.0,25884.0,6691.0
2021-09-05,575490.0,26039.0,6691.0
2021-09-06,575490.0,26204.0,6691.0
2021-09-07,586694.0,26391.0,6743.0
2021-09-08,590281.0,26580.0,6791.0
2021-09-09,594344.0,26711.0,6850.0
2021-09-10,597732.0,26854.0,6918.0
2021-09-11,597732.0,27021.0,6918.0
2021-09-12,597732.0,27166.0,6918.0
2021-09-13,607160.0,27315.0,6981.0
2021-09-14,609911.0,27467.0,7037.0
2021-09-15,613670.0,27631.0,7089.0
2021-09-16,616871.0,27777.0,7145.0
2021-09-17,620752.0,27919.0,7201.0
2021-09-18,620752.0,28032.0,7201.0
2021-09-19,620752.0,28149.0,7201.0
2021-09-20,628488.0,28320.0,7271.0
2021-09-21,631023.0,28441.0,7315.0
2021-09-22,633278.0,28550.0,7373.0
2021-09-23,637367.0,28667.0,7434.0
2021-09-24,640496.0,28793.0,7494.0
2021-09-25,640496.0,28901.0,7494.0
2021-09-26,640496.0,29033.0,7494.0
2021-09-27,649284.0,29174.0,7528.0
2021-09-28,652011.0,29292.0,7591.0
2021-09-29,654710.0,29432.0,7654.0
2021-09-30,657626.0,29546.0,7726.0
2021-10-01,660910.0,29659.0,7765.0
2021-10-02,660910.0,29755.0,7765.0
2021-10-03,660910.0,29866.0,7765.0
2021-10-04,667834.0,29979.0,7807.0
2021-10-05,670207.0,30111.0,7860.0
2021-10-06,672782.0,30226.0,7917.0
2021-10-07,675695.0,30332.0,7972.0
2021-10-08,677995.0,30437.0,8022.0
2021-10-09,677995.0,30526.0,8022.0
2021-10-10,677995.0,30638.0,8022.0
2021-10-11,684532.0,30757.0,8064.0
2021-10-12,686417.0,30870.0,8062.0
2021-10-13,689484.0,30971.0,8152.0
2021-10-14,692337.0,31078.0,8198.0
2021-10-15,695016.0,31179.0,8234.0
2021-10-16,695016.0,31276.0,8234.0
2021-10-17,695016.0,31384.0,8234.0
2021-10-18,695016.0,31471.0,8234.0
2021-10-19,702425.0,31570.0,8322.0
2021-10-20,704878.0,31661.0,8371.0
2021-10-21,708032.0,31752.0,8417.0
2021-10-22,710511.0,31849.0,8451.0
2021-10-23,710511.0,31934.0,8451.0
2021-10-24,710511.0,32038.0,8451.0
2021-10-25,716315.0,32135.0,8480.0
2021-10-26,717924.0,32263.0,8511.0
2021-10-27,719500.0,32359.0,8554.0
2021-10-28,722839.0,32436.0,8585.0
2021-10-29,725435.0,32538.0,8628.0
2021-10-30,725435.0,32605.0,8628.0
2021-10-31,725435.0,32700.0,8628.0
2021-11-01,730108.0,32792.0,8659.0
2021-11-02,731894.0,32882.0,8693.0
2021-11-03,733535.0,33002.0,8727.0
2021-11-04,735881.0,33109.0,8767.0
2021-11-05,737698.0,33216.0,8798.0
2021-11-06,737698.0,33279.0,8798.0
2021-11-07,737698.0,33380.0,8798.0
2021-11-08,742919.0,33477.0,8827.0
2021-11-09,744364.0,33561.0,8858.0
2021-11-10,746354.0,33644.0,8857.0
2021-11-11,746354.0,33736.0,8857.0
2021-11-12,750477.0,33821.0,8934.0
2021-11-13,750477.0,33865.0,8934.0
2021-11-14,750477.0,33965.0,8934.0
2021-11-15,755011.0,34054.0,8990.0
2021-11-16,756310.0,34126.0,9029.0
2021-11-17,758483.0,34208.0,9056.0
2021-11-18,760482.0,34286.0,9086.0
2021-11-19,762118.0,34340.0,9110.0
2021-11-20,762118.0,34389.0,9110.0
2021-11-21,762118.0,34453.0,9110.0
2021-11-22,766008.0,34527.0,9139.0
2021-11-23,767045.0,34605.0,9177.0
2021-11-24,768151.0,34675.0,9208.0
2021-11-25,768151.0,34728.0,9208.0
2021-11-26,768151.0,34802.0,9208.0
2021-11-27,768151.0,34851.0,9208.0
2021-11-28,768151.0,34907.0,9208.0
2021-11-29,773069.0,34996.0,9257.0
2021-11-30,774465.0,35072.0,9303.0
2021-12-01,774465.0,35156.0,9303.0
2021-12-02,778916.0,35223.0,9380.0
2021-12-03,780835.0,35311.0,9413.0
2021-12-04,780835.0,35373.0,9413.0
2021-12-05,780835.0,35441.0,9413.0
2021-12-06,784129.0,35524.0,9436.0
2021-12-07,786042.0,35605.0,9460.0
2021-12-08,787245.0,35682.0,9497.0
2021-12-09,788877.0,35753.0,9535.0
2021-12-10,790412.0,35810.0,9554.0
2021-12-11,790412.0,35861.0,9554.0
2021-12-12,790412.0,35924.0,9554.0
2021-12-13,793757.0,36014.0,9580.0
2021-12-14,794878.0,36075.0,9608.0
2021-12-15,796369.0,36149.0,9635.0
2021-12-16,798239.0,36209.0,9653.0
2021-12-17,800329.0,36275.0,9674.0
2021-12-18,800329.0,36343.0,9674.0
2021-12-19,800329.0,36413.0,9674.0
2021-12-20,805831.0,36486.0,9695.0
2021-12-21,807529.0,36567.0,9725.0
2021-12-22,809600.0,36657.0,9755.0
2021-12-23,813741.0,36750.0,9784.0
2021-12-24,813741.0,36836.0,9784.0
2021-12-25,813741.0,36916.0,9784.0
2021-12-26,813741.0,37021.0,9784.0
2021-12-27,834235.0,37127.0,9801.0
2021-12-28,837378.0,37265.0,9822.0
2021-12-29,842196.0,37416.0,9839.0
2021-12-30,849075.0,37591.0,9853.0
2021-12-31,849075.0,37742.0,9853.0
2022-01-01,849075.0,37916.0,9853.0
2022-01-02,849075.0,38116.0,9853.0
2022-01-03,882144.0,38347.0,9853.0
2022-01-04,888336.0,38534.0,9909.0
2022-01-05,899036.0,38749.0,9909.0
2022-01-06,913980.0,38971.0,9974.0
2022-01-07,931071.0,39197.0,10004.0
2022-01-08,931071.0,39402.0,10004.0
2022-01-09,931071.0,39634.0,10004.0
2022-01-10,978680.0,39899.0,10028.0
2022-01-11,991838.0,40164.0,10026.0
2022-01-12,1009187.0,40445.0,10103.0
2022-01-13,1025322.0,40706.0,10143.0
2022-01-14,1041456.0,40967.0,10196.0
2022-01-15,1041456.0,41244.0,10196.0
2022-01-16,1041456.0,41508.0,10196.0
2022-01-17,1041456.0,41810.0,10196.0
2022-01-18,1105622.0,42110.0,10230.0
2022-01-19,1119228.0,42411.0,10230.0
2022-01-20,1135778.0,42707.0,10339.0
2022-01-21,1152026.0,42958.0,10401.0
2022-01-22,1151835.0,43170.0,10405.0
2022-01-23,1151835.0,43398.0,10405.0
2022-01-24,1203311.0,43638.0,10458.0
2022-01-25,1203311.0,43919.0,10458.0
2022-01-26,1257918.0,44173.0,10580.0
2022-01-27,1257918.0,44462.0,10580.0
2022-01-28,1294497.0,44689.0,10699.0
2022-01-29,1294497.0,44881.0,10699.0
2022-01-30,1294497.0,45102.0,10699.0
2022-01-31,1339737.0,45331.0,10776.0
2022-02-01,1339737.0,45527.0,10776.0
2022-02-02,1355428.0,45755.0,10845.0
2022-02-03,1355428.0,45960.0,10845.0
2022-02-04,1367763.0,46144.0,10967.0
2022-02-05,1367763.0,46297.0,10967.0
2022-02-06,1367763.0,46454.0,10967.0
2022-02-07,1382782.0,46638.0,11099.0
2022-02-08,1382782.0,46807.0,11099.0
2022-02-09,1391026.0,46951.0,11194.0
2022-02-10,1391026.0,47101.0,11194.0
2022-02-11,1410596.0,47226.0,11316.0
2022-02-12,1410596.0,47353.0,11316.0
2022-02-13,1410596.0,47485.0,11316.0
2022-02-14,1410658.0,47626.0,11373.0
2022-02-15,1410658.0,47759.0,11373.0
2022-02-16,1410611.0,47863.0,11522.0
2022-02-17,1410499.0,47989.0,11522.0
2022-02-18,1410499.0,48096.0,11522.0
2022-02-19,1409253.0,48196.0,11615.0
2022-02-20,1409253.0,48289.0,11615.0
2022-02-21,1409253.0,48379.0,11615.0
2022-02-22,1409253.0,48488.0,11615.0
2022-02-23,1414429.0,48588.0,11708.0
2022-02-24,1414222.0,48673.0,11732.0
2022-02-25,1417498.0,48741.0,11831.0
2022-02-26,1417498.0,48815.0,11831.0
2022-02-27,1417498.0,48883.0,11831.0
2022-02-28,1423990.0,48964.0,11866.0
2022-03-01,1423990.0,49038.0,11866.0
2022-03-02,1427013.0,49108.0,11954.0
2022-03-03,1427013.0,49183.0,11954.0
2022-03-04,1430235.0,49240.0,12025.0
2022-03-05,1430235.0,49300.0,12025.0
2022-03-06,1430235.0,49356.0,12025.0
2022-03-07,1432321.0,49406.0,12076.0
2022-03-08,1432321.0,49458.0,12076.0
2022-03-09,1434783.0,49523.0,12133.0
2022-03-10,1434783.0,49564.0,12133.0
2022-03-11,1437914.0,49605.0,12183.0
2022-03-12,1437914.0,49638.0,12183.0
2022-03-13,1437914.0,49670.0,12183.0
2022-03-14,1440632.0,49706.0,12219.0
2022-03-15,1440632.0,49753.0,12219.0
2022-03-16,1440633.0,49787.0,12219.0
2022-03-17,1442947.0,49816.0,12273.0
2022-03-18,1445223.0,49850.0,12333.0
2022-03-19,1445223.0,49877.0,12333.0
2022-03-20,1445223.0,49909.0,12333.0
2022-03-21,1446845.0,49947.0,12355.0
2022-03-22,1446845.0,49977.0,12355.0
2022-03-23,1448779.0,50000.0,12395.0
2022-03-24,1448779.0,50019.0,12392.0
2022-03-25,1451227.0,50048.0,12432.0
2022-03-26,1451227.0,50079.0,12432.0
2022-03-27,1451227.0,50104.0,12432.0
2022-03-28,1453251.0,50137.0,12454.0
2022-03-29,1453251.0,50166.0,12454.0
2022-03-30,1454772.0,50197.0,12478.0
2022-03-31,1454772.0,50212.0,12478.0
2022-04-01,1456264.0,50238.0,12510.0
2022-04-02,1456264.0,50258.0,12510.0
2022-04-03,1456264.0,50299.0,12510.0
2022-04-04,1458424.0,50319.0,12515.0
2022-04-05,1458424.0,50348.0,12515.0
2022-04-06,1464398.0,50374.0,12544.0
2022-04-07,1464398.0,50403.0,12544.0
2022-04-08,1467059.0,50424.0,12566.0
2022-04-09,1467059.0,50453.0,12566.0
2022-04-10,1467059.0,50475.0,12566.0
2022-04-11,1467059.0,50503.0,12566.0
2022-04-12,1467059.0,50536.0,12566.0
2022-04-13,1471754.0,50562.0,12589.0
2022-04-14,1471754.0,50603.0,12589.0
2022-04-15,1474548.0,50636.0,12619.0
2022-04-16,1474548.0,50665.0,12619.0
2022-04-17,1474548.0,50710.0,12619.0
2022-04-18,1477863.0,50747.0,12626.0
2022-04-19,1477863.0,50775.0,12626.0
2022-04-20,1479559.0,50816.0,12650.0
2022-04-21,1479559.0,50853.0,12650.0
2022-04-22,1483332.0,50895.0,12657.0
2022-04-23,1483332.0,50930.0,12657.0
2022-04-24,1483332.0,50967.0,12657.0
2022-04-25,1483332.0,51014.0,12657.0
2022-04-26,1489316.0,51058.0,12668.0
2022-04-27,1493194.0,51103.0,12686.0
2022-04-28,1493194.0,51155.0,12686.0
2022-04-29,1498116.0,51203.0,12703.0
2022-04-30,1498116.0,51272.0,12703.0
2022-05-01,1498116.0,51334.0,12703.0
2022-05-02,1510285.0,51397.0,12706.0
2022-05-03,1510285.0,51458.0,12706.0
2022-05-04,1508065.0,51525.0,12716.0
2022-05-05,1508065.0,51583.0,12716.0
2022-05-06,1508065.0,51636.0,12716.0
2022-05-07,1508065.0,51698.0,12716.0
2022-05-08,1508065.0,51753.0,12716.0
2022-05-09,1519327.0,51823.0,12742.0
2022-05-10,1519327.0,51901.0,12742.0
2022-05-11,1524078.0,51994.0,12770.0
2022-05-12,1524078.0,52077.0,12770.0
2022-05-13,1530430.0,52178.0,12791.0
2022-05-14,1530430.0,52277.0,12791.0
2022-05-15,1530430.0,52346.0,12791.0
2022-05-16,1538228.0,52440.0,12812.0
2022-05-17,1538228.0,52527.0,12812.0
2022-05-18,1544119.0,52628.0,12833.0
2022-05-19,1544119.0,52716.0,12833.0
2022-05-20,1552956.0,52777.0,12863.0
2022-05-21,1552956.0,52833.0,12863.0
2022-05-22,1552956.0,52911.0,12863.0
2022-05-23,1559662.0,52994.0,12872.0
2022-05-24,1559662.0,53075.0,12872.0
2022-05-25,1565696.0,53168.0,12888.0
2022-05-26,1565696.0,53248.0,12888.0
2022-05-27,1573651.0,53347.0,12919.0
2022-05-28,1573651.0,53420.0,12919.0
2022-05-29,1573651.0,53483.0,12919.0
2022-05-30,1573651.0,53556.0,12919.0
2022-05-31,1573651.0,53658.0,12919.0
2022-06-01,1583206.0,53753.0,12946.0
2022-06-02,1583206.0,53846.0,12946.0
2022-06-03,1591654.0,53946.0,12968.0
2022-06-04,1591654.0,54016.0,12968.0
2022-06-05,1591654.0,54100.0,12968.0
2022-06-06,1600084.0,54165.0,12986.0
2022-06-07,1600084.0,54266.0,12986.0
2022-06-08,1600084.0,54343.0,12986.0
2022-06-09,1600084.0,54428.0,12986.0
2022-06-10,1610793.0,54496.0,13046.0
2022-06-11,1610793.0,54554.0,13046.0
2022-06-12,1610793.0,54636.0,13046.0
2022-06-13,1617208.0,54721.0,13056.0
2022-06-14,1617208.0,54805.0,13056.0
2022-06-15,1622214.0,54895.0,13084.0
2022-06-16,1622214.0,54977.0,13084.0
2022-06-17,1628383.0,55073.0,13115.0
2022-06-18,1628383.0,55156.0,13115.0
2022-06-19,1628383.0,55250.0,13115.0
2022-06-20,1628383.0,55338.0,13115.0
2022-06-21,1628383.0,55444.0,13115.0
2022-06-22,1640182.0,55545.0,13156.0
2022-06-23,1640182.0,55667.0,13156.0
2022-06-24,1646657.0,55760.0,13186.0
2022-06-25,1646657.0,55845.0,13186.0
2022-06-26,1646657.0,55948.0,13186.0
2022-06-27,1654445.0,56082.0,13199.0
2022-06-28,1654445.0,56183.0,13199.0
2022-06-29,1659152.0,56275.0,13239.0
2022-06-30,1659152.0,56382.0,13239.0
2022-07-01,1666301.0,56491.0,13275.0
2022-07-02,1666301.0,56595.0,13275.0
2022-07-03,1666301.0,56683.0,13275.0
2022-07-04,1666301.0,56801.0,13275.0
2022-07-05,1666301.0,56925.0,13275.0
2022-07-06,1677766.0,57039.0,13303.0
2022-07-07,1677766.0,57175.0,13303.0
2022-07-08,1684668.0,57288.0,13344.0
2022-07-09,1684668.0,57377.0,13344.0
2022-07-10,1684668.0,57494.0,13344.0
2022-07-11,1692004.0,57609.0,13362.0
2022-07-12,1692004.0,57723.0,13362.0
2022-07-13,1695915.0,57867.0,13404.0
2022-07-14,1695909.0,57988.0,13404.0
2022-07-15,1695915.0,58104.0,13404.0
2022-07-16,1695915.0,58202.0,13404.0
2022-07-17,1701692.0,58304.0,13434.0
2022-07-18,1709178.0,58436.0,13464.0
2022-07-19,1709156.0,58578.0,13463.0
2022-07-20,1713842.0,58700.0,13509.0
2022-07-21,1713842.0,58820.0,13509.0
2022-07-22,1719776.0,58924.0,13531.0
2022-07-23,1719776.0,59007.0,13531.0
2022-07-24,1719776.0,59106.0,13531.0
2022-07-25,1726045.0,59227.0,13561.0
2022-07-26,1726045.0,59333.0,13561.0
2022-07-27,1729949.0,59412.0,13604.0
2022-07-28,1729949.0,59524.0,13604.0
2022-07-29,1729949.0,59617.0,13604.0
2022-07-30,1729949.0,59700.0,13604.0
2022-07-31,1729949.0,59787.0,13604.0
2022-08-01,1740938.0,59899.0,13652.0
2022-08-02,1740938.0,59990.0,13652.0
2022-08-03,1744292.0,60063.0,13697.0
2022-08-04,1744292.0,60155.0,13697.0
2022-08-05,1748594.0,60252.0,13725.0
2022-08-06,1748594.0,60328.0,13725.0
2022-08-07,1748594.0,60414.0,13725.0
2022-08-08,1748594.0,60506.0,13725.0
2022-08-09,1748594.0,60591.0,13725.0
2022-08-10,1756800.0,60680.0,13775.0
2022-08-11,1756800.0,60781.0,13775.0
2022-08-12,1760576.0,60858.0,13824.0
2022-08-13,1760576.0,60933.0,13824.0
2022-08-14,1760576.0,61003.0,13824.0
2022-08-15,1764619.0,61064.0,13843.0
2022-08-16,1764619.0,61148.0,13843.0
2022-08-17,1767263.0,61225.0,13886.0
2022-08-18,1767263.0,61321.0,13886.0
2022-08-19,1770649.0,61408.0,13920.0
2022-08-20,1770649.0,61467.0,13920.0
2022-08-21,1770649.0,61549.0,13920.0
2022-08-22,1773927.0,61619.0,13935.0
2022-08-23,1773927.0,61678.0,13935.0
2022-08-24,1776370.0,61748.0,13978.0
2022-08-25,1776370.0,61827.0,13978.0
2022-08-26,1778421.0,61900.0,14005.0
2022-08-27,1778421.0,61963.0,14005.0
2022-08-28,1778421.0,62049.0,14005.0
2022-08-29,1782970.0,62116.0,14010.0
2022-08-30,1782970.0,62204.0,14010.0
2022-08-31,1784728.0,62274.0,14039.0
2022-09-01,1784728.0,62317.0,14039.0
2022-09-02,1787212.0,62397.0,14066.0
2022-09-03,1787212.0,62447.0,14066.0
2022-09-04,1787212.0,62511.0,14066.0
2022-09-05,1787212.0,62567.0,14066.0
2022-09-06,1787212.0,62642.0,14066.0
2022-09-07,1791053.0,62717.0,14103.0
2022-09-08,1791053.0,62784.0,14103.0
2022-09-09,1793565.0,62830.0,14122.0
2022-09-10,1793565.0,62879.0,14122.0
2022-09-11,1793565.0,62936.0,14122.0
2022-09-12,1796023.0,62991.0,14148.0
2022-09-13,1796023.0,63056.0,14148.0
2022-09-14,1796023.0,63123.0,14148.0
2022-09-15,1796023.0,63188.0,14148.0
2022-09-16,1800799.0,63251.0,14199.0
2022-09-17,1800799.0,63300.0,14199.0
2022-09-18,1800799.0,63363.0,14199.0
2022-09-19,1803633.0,63425.0,14215.0
2022-09-20,1803633.0,63512.0,14215.0
2022-09-21,1805781.0,63574.0,14245.0
2022-09-22,1805781.0,63643.0,14245.0
2022-09-23,1808301.0,63701.0,14274.0
2022-09-24,1808301.0,63770.0,14274.0
2022-09-25,1808301.0,63825.0,14274.0
2022-09-26,1811170.0,63895.0,14284.0
2022-09-27,1811170.0,63957.0,14284.0
2022-09-28,1813501.0,64018.0,14312.0
2022-09-29,1813501.0,64082.0,14312.0
2022-09-30,1816183.0,64128.0,14339.0
2022-10-01,1816183.0,64176.0,14339.0
2022-10-02,1816183.0,64226.0,14339.0
2022-10-03,1818645.0,64301.0,14347.0
2022-10-04,1818714.0,64359.0,14344.0
2022-10-05,1820468.0,64408.0,14375.0
2022-10-06,1820468.0,64480.0,14375.0
2022-10-07,1822544.0,64525.0,14397.0
2022-10-08,1822544.0,64565.0,14397.0
2022-10-09,1822544.0,64615.0,14397.0
2022-10-10,1824499.0,64674.0,14400.0
2022-10-11,1824499.0,64727.0,14400.0
2022-10-12,1825852.0,64766.0,14430.0
2022-10-13,1825852.0,64814.0,14430.0
2022-10-14,1827631.0,64855.0,14450.0
2022-10-15,1827631.0,64893.0,14450.0
2022-10-16,1827631.0,64927.0,14450.0
2022-10-17,1828918.0,64967.0,14464.0
2022-10-18,1828918.0,65002.0,14464.0
2022-10-19,1830508.0,65050.0,14493.0
2022-10-20,1830508.0,65085.0,14493.0
2022-10-21,1832457.0,65128.0,14516.0
2022-10-22,1832457.0,65158.0,14516.0
2022-10-23,1832457.0,65204.0,14516.0
2022-10-24,1833759.0,65251.0,14528.0
2022-10-25,1833759.0,65300.0,14528.0
2022-10-26,1835075.0,65347.0,14550.0
2022-10-27,1835075.0,65398.0,14550.0
2022-10-28,1835075.0,65452.0,14550.0
2022-10-29,1835075.0,65487.0,14550.0
2022-10-30,1835075.0,65523.0,14550.0
2022-10-31,1838206.0,65563.0,14577.0
2022-11-01,1838206.0,65611.0,14577.0
2022-11-02,1839317.0,65656.0,14597.0
2022-11-03,1839317.0,65706.0,14597.0
2022-11-04,1839317.0,65758.0,14597.0
2022-11-05,1839317.0,65798.0,14597.0
2022-11-06,1839317.0,65837.0,14597.0
2022-11-07,1839317.0,65880.0,14597.0
2022-11-08,1839317.0,65921.0,14597.0
2022-11-09,1843908.0,65958.0,14653.0
2022-11-10,1843908.0,65992.0,14653.0
2022-11-11,1843908.0,66034.0,14653.0
2022-11-12,1843908.0,66078.0,14653.0
2022-11-13,1843908.0,66132.0,14653.0
2022-11-14,1843908.0,66180.0,14653.0
2022-11-15,1843908.0,66233.0,14653.0
2022-11-16,1848731.0,66279.0,14709.0
2022-11-17,1848731.0,66329.0,14709.0
2022-11-18,1848731.0,66386.0,14709.0
2022-11-19,1848731.0,66441.0,14709.0
2022-11-20,1848731.0,66493.0,14709.0
2022-11-21,1848731.0,66555.0,14709.0
2022-11-22,1848731.0,66620.0,14709.0
2022-11-23,1853991.0,66677.0,14748.0
2022-11-24,1854190.0,66731.0,14743.0
2022-11-25,1854190.0,66786.0,14743.0
2022-11-26,1854190.0,66846.0,14743.0
2022-11-27,1854190.0,66919.0,14743.0
2022-11-28,1854190.0,66995.0,14743.0
2022-11-29,1854190.0,67069.0,14743.0
2022-11-30,1857649.0,67138.0,14730.0
2022-12-01,1859858.0,67206.0,14705.0
2022-12-02,1859858.0,67279.0,14705.0
2022-12-03,1859858.0,67331.0,14705.0
2022-12-04,1859858.0,67370.0,14705.0
2022-12-05,1859858.0,67440.0,14705.0
2022-12-06,1859858.0,67510.0,14705.0
2022-12-07,1866343.0,67581.0,14829.0
2022-12-08,1866343.0,67638.0,14829.0
2022-12-09,1866343.0,67709.0,14829.0
2022-12-10,1866343.0,67768.0,14829.0
2022-12-11,1866343.0,67819.0,14829.0
2022-12-12,1866343.0,67888.0,14829.0
2022-12-13,1866343.0,67947.0,14829.0
2022-12-14,1872837.0,68012.0,14898.0
2022-12-15,1872837.0,68080.0,14898.0
2022-12-16,1872837.0,68151.0,14898.0
2022-12-17,1872837.0,68206.0,14898.0
2022-12-18,1872837.0,68279.0,14898.0
2022-12-19,1872837.0,68369.0,14898.0
2022-12-20,1872837.0,68433.0,14898.0
2022-12-21,1879139.0,68509.0,14991.0
2022-12-22,1879139.0,68574.0,14991.0
2022-12-23,1879139.0,68642.0,14991.0
2022-12-24,1879139.0,68706.0,14991.0
2022-12-25,1879139.0,68758.0,14991.0
2022-12-26,1879139.0,68842.0,14991.0
2022-12-27,1879139.0,68913.0,14991.0
2022-12-28,1883676.0,68986.0,15038.0
2022-12-29,1883676.0,69065.0,15038.0
2022-12-30,1883676.0,69136.0,15038.0
2022-12-31,1883676.0,69195.0,15038.0
2023-01-01,1883676.0,69266.0,15038.0
2023-01-02,1883676.0,69341.0,15038.0
2023-01-03,1883676.0,69424.0,15038.0
2023-01-04,1889201.0,69498.0,15123.0
2023-01-05,1889201.0,69566.0,15123.0
2023-01-06,1889201.0,69626.0,15123.0
2023-01-07,1889201.0,69684.0,15123.0
2023-01-08,1889201.0,69747.0,15123.0
2023-01-09,1889201.0,69805.0,15123.0
2023-01-10,1889201.0,69871.0,15123.0
2023-01-11,1894796.0,69935.0,15225.0
2023-01-12,1894796.0,69987.0,15225.0
2023-01-13,1894796.0,70051.0,15225.0
2023-01-14,1894796.0,70107.0,15225.0
2023-01-15,1894796.0,70167.0,15225.0
2023-01-16,1894796.0,70228.0,15225.0
2023-01-17,1894796.0,70298.0,15225.0
2023-01-18,1899401.0,70357.0,15312.0
2023-01-19,1899401.0,70411.0,15312.0
2023-01-20,1899401.0,70462.0,15312.0
2023-01-21,1899401.0,70513.0,15312.0
2023-01-22,1899401.0,70556.0,15312.0
2023-01-23,1899401.0,70612.0,15312.0
2023-01-24,1899401.0,70665.0,15312.0
2023-01-25,1904198.0,70726.0,15380.0
2023-01-26,1904183.0,70775.0,15381.0
2023-01-27,1904198.0,70846.0,15380.0
2023-01-28,1904198.0,70902.0,15380.0
2023-01-29,1904198.0,70947.0,15380.0
2023-01-30,1904198.0,71011.0,15380.0
2023-01-31,1904198.0,71065.0,15380.0
2023-02-01,1904198.0,71121.0,15380.0
2023-02-02,1909773.0,71165.0,15435.0
2023-02-03,1909773.0,71225.0,15435.0
2023-02-04,1909773.0,71273.0,15435.0
2023-02-05,1909773.0,71320.0,15435.0
2023-02-06,1909773.0,71382.0,15435.0
2023-02-07,1909773.0,71454.0,15435.0
2023-02-08,1915281.0,71523.0,15510.0
2023-02-09,1915286.0,71583.0,15510.0
2023-02-10,1915286.0,71649.0,15510.0
2023-02-11,1915286.0,71706.0,15510.0
2023-02-12,1915286.0,71764.0,15510.0
2023-02-13,1915286.0,71818.0,15510.0
2023-02-14,1915286.0,71886.0,15510.0
2023-02-15,1920195.0,71946.0,15568.0
2023-02-16,1920195.0,72014.0,15568.0
2023-02-17,1920195.0,72061.0,15568.0
2023-02-18,1920195.0,72122.0,15568.0
2023-02-19,1920195.0,72164.0,15568.0
2023-02-20,1920195.0,72214.0,15568.0
2023-02-21,1920195.0,72272.0,15568.0
2023-02-22,1924418.0,72324.0,15622.0
2023-02-23,1924418.0,72380.0,15622.0
2023-02-24,1924418.0,72427.0,15622.0
2023-02-25,1924418.0,72474.0,15622.0
2023-02-26,1924418.0,72528.0,15622.0
2023-02-27,1924418.0,72605.0,15622.0
2023-02-28,1924418.0,72664.0,15622.0
2023-03-01,1928913.0,72711.0,15683.0
2023-03-02,1928913.0,72772.0,15683.0
2023-03-03,1928913.0,72837.0,15683.0
2023-03-04,1928913.0,72885.0,15683.0
2023-03-05,,72927.0,
2023-03-06,,72977.0,
2023-03-07,,73030.0,
2023-03-08,,73104.0,
2023-03-09,,73155.0,
2023-03-10,,73203.0,
2023-03-11,,73240.0,
2023-03-12,,73294.0,
2023-03-13,,73332.0,
2023-03-14,,73372.0,
2023-03-15,,73426.0,
2023-03-16,,73479.0,
2023-03-17,,73518.0,
2023-03-18,,73551.0,
2023-03-19,,73597.0,
2023-03-20,,73654.0,
2023-03-21,,73705.0,
2023-03-22,,73769.0,
2023-03-23,,73824.0,
2023-03-24,,73860.0,
2023-03-25,,73890.0,
2023-03-26,,73926.0,
2023-03-27,,73975.0,
2023-03-28,,74019.0,
2023-03-29,,74073.0,
2023-03-30,,74117.0,
2023-03-31,,74169.0,
2023-04-01,,74203.0,
2023-04-02,,74242.0,
2023-04-03,,74290.0,
2023-04-04,,74327.0,
2023-04-05,,74357.0,
2023-04-06,,74384.0,
2023-04-07,,74412.0,
2023-04-08,,74437.0,
2023-04-09,,74469.0,
2023-04-10,,74499.0,
2023-04-11,,74531.0,
2023-04-12,,74556.0,
2023-04-13,,74596.0,
2023-04-14,,74622.0,
2023-04-15,,74650.0,
2023-04-16,,74669.0,
2023-04-17,,74693.0,
2023-04-18,,74725.0,
2023-04-19,,74756.0,
2023-04-20,,74797.0,
2023-04-21,,74834.0,
2023-04-22,,74865.0,
2023-04-23,,74900.0,
2023-04-24,,74933.0,
2023-04-25,,74972.0,
2023-04-26,,75007.0,
2023-04-27,,75042.0,
2023-04-28,,75076.0,
2023-04-29,,75119.0,
2023-04-30,,75155.0,
2023-05-01,,75188.0,
2023-05-02,,75227.0,
2023-05-03,,75268.0,
2023-05-04,,75293.0,
2023-05-05,,75318.0,
2023-05-06,,75334.0,
2023-05-07,,75354.0,
2023-05-08,,75376.0,
2023-05-09,,75408.0,
2023-05-10,,75437.0,
2023-05-11,,75463.0,
2023-05-12,,75489.0,
2023-05-13,,75511.0,
2023-05-14,,75538.0,
2023-05-15,,75564.0,
2023-05-16,,75582.0,
2023-05-17,,75604.0,
2023-05-18,,75628.0,
2023-05-19,,75654.0,
2023-05-20,,75665.0,
2023-05-21,,75698.0,
2023-05-22,,75730.0,
2023-05-23,,75748.0,
2023-05-24,,75777.0,
2023-05-25,,75801.0,
2023-05-26,,75827.0,
2023-05-27,,75843.0,
2023-05-28,,75861.0,
2023-05-29,,75892.0,
2023-05-30,,75911.0,
2023-05-31,,75931.0,
2023-06-01,,75952.0,
2023-06-02,,75969.0,
2023-06-03,,75987.0,
2023-06-04,,76005.0,
2023-06-05,,76027.0,
2023-06-06,,76053.0,
2023-06-07,,76082.0,
2023-06-08,,76098.0,
2023-06-09,,76113.0,
2023-06-10,,76125.0,
2023-06-11,,76138.0,
2023-06-12,,76165.0,
2023-06-13,,76182.0,
2023-06-14,,76206.0,
2023-06-15,,76222.0,
2023-06-16,,76237.0,
2023-06-17,,76257.0,
2023-06-18,,76278.0,
2023-06-19,,76294.0,
2023-06-20,,76315.0,
2023-06-21,,76336.0,
2023-06-22,,76349.0,
2023-06-23,,76368.0,
2023-06-24,,76380.0,
2023-06-25,,76400.0,
2023-06-26,,76432.0,
2023-06-27,,76460.0,
2023-06-28,,76483.0,
2023-06-29,,76512.0,
2023-06-30,,76530.0,
2023-07-01,,76551.0,
2023-07-02,,76569.0,
2023-07-03,,76590.0,
2023-07-04,,76614.0,
2023-07-05,,76651.0,
2023-07-06,,76683.0,
2023-07-07,,76702.0,
2023-07-08,,76727.0,
2023-07-09,,76747.0,
2023-07-10,,76763.0,
2023-07-11,,76789.0,
2023-07-12,,76814.0,
2023-07-13,,76830.0,
2023-07-14,,76848.0,
2023-07-15,,76875.0,
2023-07-16,,76894.0,
2023-07-17,,76917.0,
2023-07-18,,76932.0,
2023-07-19,,76956.0,
2023-07-20,,76972.0,
2023-07-21,,76991.0,
2023-07-22,,77012.0,
2023-07-23,,77028.0,
2023-07-24,,77050.0,
2023-07-25,,77074.0,
2023-07-26,,77097.0,
2023-07-27,,77115.0,
2023-07-28,,77145.0,
2023-07-29,,77168.0,
2023-07-30,,77193.0,
2023-07-31,,77220.0,
2023-08-01,,77247.0,
2023-08-02,,77270.0,
2023-08-03,,77292.0,
2023-08-04,,77319.0,
2023-08-05,,77346.0,
2023-08-06,,77375.0,
2023-08-07,,77406.0,
2023-08-08,,77436.0,
2023-08-09,,77472.0,
2023-08-10,,77494.0,
2023-08-11,,77517.0,
2023-08-12,,77548.0,
2023-08-13,,77577.0,
2023-08-14,,77624.0,
2023-08-15,,77658.0,
2023-08-16,,77684.0,
2023-08-17,,77719.0,
2023-08-18,,77749.0,
2023-08-19,,77779.0,
2023-08-20,,77817.0,
2023-08-21,,77857.0,
2023-08-22,,77900.0,
2023-08-23,,77952.0,
2023-08-24,,77990.0,
2023-08-25,,78038.0,
2023-08-26,,78072.0,
2023-08-27,,78107.0,
2023-08-28,,78151.0,
2023-08-29,,78193.0,
2023-08-30,,78238.0,
2023-08-31,,78285.0,
2023-09-01,,78327.0,
2023-09-02,,78364.0,
2023-09-03,,78403.0,
2023-09-04,,78455.0,
2023-09-05,,78490.0,
2023-09-06,,78545.0,
2023-09-07,,78595.0,
2023-09-08,,78645.0,
2023-09-09,,78704.0,
2023-09-10,,78760.0,
2023-09-11,,78811.0,
2023-09-12,,78863.0,
2023-09-13,,78909.0,
2023-09-14,,78951.0,
2023-09-15,,79000.0,
2023-09-16,,79043.0,
2023-09-17,,79105.0,
2023-09-18,,79164.0,
2023-09-19,,79220.0,
2023-09-20,,79274.0,
2023-09-21,,79323.0,
2023-09-22,,79370.0,
2023-09-23,,79404.0,
2023-09-24,,79451.0,
2023-09-25,,79501.0,
2023-09-26,,79548.0,
2023-09-27,,79613.0,
2023-09-28,,79677.0,
2023-09-29,,79730.0,
2023-09-30,,79779.0,
2023-10-01,,79809.0,
2023-10-02,,79872.0,
2023-10-03,,79921.0,
2023-10-04,,79971.0,
2023-10-05,,80039.0,
2023-10-06,,80099.0,
2023-10-07,,80153.0,
2023-10-08,,80223.0,
2023-10-09,,80282.0,
2023-10-10,,80347.0,
2023-10-11,,80396.0,
2023-10-12,,80438.0,
2023-10-13,,80479.0,
2023-10-14,,80531.0,
2023-10-15,,80579.0,
2023-10-16,,80618.0,
2023-10-17,,80653.0,
2023-10-18,,80703.0,
2023-10-19,,80754.0,
2023-10-20,,80793.0,
2023-10-21,,80837.0,
2023-10-22,,80882.0,
2023-10-23,,80913.0,
2023-10-24,,80949.0,
2023-10-25,,80979.0,
2023-10-26,,81009.0,
2023-10-27,,81035.0,
2023-10-28,,81069.0,
2023-10-29,,81091.0,
2023-10-30,,81121.0,
2023-10-31,,81162.0,
2023-11-01,,81202.0,
2023-11-02,,81239.0,
2023-11-03,,81282.0,
2023-11-04,,81310.0,
2023-11-05,,81339.0,
2023-11-06,,81370.0,
2023-11-07,,81413.0,
2023-11-08,,81458.0,
2023-11-09,,81497.0,
2023-11-10,,81532.0,
2023-11-11,,81562.0,
2023-11-12,,81599.0,
2023-11-13,,81635.0,
2023-11-14,,81670.0,
2023-11-15,,81713.0,
2023-11-16,,81748.0,
2023-11-17,,81789.0,
2023-11-18,,81820.0,
2023-11-19,,81846.0,
2023-11-20,,81883.0,
2023-11-21,,81916.0,
2023-11-22,,81949.0,
2023-11-23,,81980.0,
2023-11-24,,82011.0,
2023-11-25,,82043.0,
2023-11-26,,82079.0,
2023-11-27,,82114.0,
2023-11-28,,82158.0,
2023-11-29,,82198.0,
2023-11-30,,82230.0,
2023-12-01,,82265.0,
2023-12-02,,82301.0,
2023-12-03,,82337.0,
2023-12-04,,82386.0,
2023-12-05,,82425.0,
2023-12-06,,82478.0,
2023-12-07,,82524.0,
2023-12-08,,82562.0,
2023-12-09,,82595.0,
2023-12-10,,82635.0,
2023-12-11,,82680.0,
2023-12-12,,82713.0,
2023-12-13,,82753.0,
2023-12-14,,82794.0,
2023-12-15,,82842.0,
2023-12-16,,82874.0,
2023-12-17,,82916.0,
2023-12-18,,82959.0,
2023-12-19,,83007.0,
2023-12-20,,83059.0,
2023-12-21,,83101.0,
2023-12-22,,83148.0,
2023-12-23,,83181.0,
2023-12-24,,83229.0,
2023-12-25,,83282.0,
2023-12-26,,83329.0,
2023-12-27,,83390.0,
2023-12-28,,83444.0,
2023-12-29,,83511.0,
2023-12-30,,83562.0,
2023-12-31,,83610.0,
2024-01-01,,83673.0,
2024-01-02,,83740.0,
2024-01-03,,83805.0,
2024-01-04,,83873.0,
2024-01-05,,83944.0,
2024-01-06,,83994.0,
2024-01-07,,84042.0,
2024-01-08,,84098.0,
2024-01-09,,84155.0,
2024-01-10,,84215.0,
2024-01-11,,84257.0,
2024-01-12,,84309.0,
2024-01-13,,84354.0,
2024-01-14,,84403.0,
2024-01-15,,84456.0,
2024-01-16,,84512.0,
2024-01-17,,84571.0,
2024-01-18,,84626.0,
2024-01-19,,84695.0,
2024-01-20,,84739.0,
2024-01-21,,84792.0,
2024-01-22,,84845.0,
2024-01-23,,84905.0,
2024-01-24,,84965.0,
2024-01-25,,85026.0,
2024-01-26,,85067.0,
2024-01-27,,85112.0,
2024-01-28,,85158.0,
2024-01-29,,85199.0,
2024-01-30,,85259.0,
2024-01-31,,85313.0,
2024-02-01,,85367.0,
2024-02-02,,85423.0,
2024-02-03,,85457.0,
2024-02-04,,85500.0,
2024-02-05,,85552.0,
2024-02-06,,85611.0,
2024-02-07,,85654.0,
2024-02-08,,85700.0,
2024-02-09,,85756.0,
2024-02-10,,85792.0,
2024-02-11,,85831.0,
2024-02-12,,85870.0,
2024-02-13,,85916.0,
2024-02-14,,85954.0,
2024-02-15,,86000.0,
2024-02-16,,86039.0,
2024-02-17,,86076.0,
2024-02-18,,86107.0,
2024-02-19,,86147.0,
2024-02-20,,86193.0,
2024-02-21,,86225.0,
2024-02-22,,86258.0,
2024-02-23,,86293.0,
2024-02-24,,86323.0,
2024-02-25,,86359.0,
2024-02-26,,86409.0,
2024-02-27,,86444.0,
2024-02-28,,86480.0,
2024-02-29,,86527.0,
2024-03-01,,86563.0,
2024-03-02,,86603.0,
2024-03-03,,86629.0,
2024-03-04,,86655.0,
2024-03-05,,86695.0,
2024-03-06,,86731.0,
2024-03-07,,86764.0,
2024-03-08,,86791.0,
2024-03-09,,86805.0,
2024-03-10,,86826.0,
2024-03-11,,86860.0,
2024-03-12,,86888.0,
2024-03-13,,86925.0,
2024-03-14,,86954.0,
2024-03-15,,86982.0,
2024-03-16,,86999.0,
2024-03-17,,87025.0,
2024-03-18,,87053.0,
2024-03-19,,87090.0,
2024-03-20,,87118.0,
2024-03-21,,87151.0,
2024-03-22,,87178.0,
2024-03-23,,87202.0,
2024-03-24,,87226.0,
2024-03-25,,87246.0,
2024-03-26,,87271.0,
2024-03-27,,87290.0,
2024-03-28,,87313.0,
2024-03-29,,87325.0,
2024-03-30,,87348.0,
2024-03-31,,87367.0,
2024-04-01,,87384.0,
2024-04-02,,87407.0,
2024-04-03,,87427.0,
2024-04-04,,87439.0,
2024-04-05,,87458.0,
2024-04-06,,87474.0,
2024-04-07,,87491.0,
2024-04-08,,87503.0,
2024-04-09,,87514.0,
2024-04-10,,87534.0,
2024-04-11,,87550.0,
2024-04-12,,87560.0,
2024-04-13,,87574.0,
2024-04-14,,87587.0,
2024-04-15,,87604.0,
2024-04-16,,87618.0,
2024-04-17,,87630.0,
2024-04-18,,87648.0,
2024-04-19,,87664.0,
